"","ID","Description","GeneRatio","BgRatio","RichFactor","FoldEnrichment","zScore","pvalue","p.adjust","qvalue","geneID","Count"
"GO:0007059","GO:0007059","chromosome segregation","139/3320","434/18860",0.320276497695853,1.8194020320915,7.98232181632145,1.18903810135823e-13,5.31856382399703e-10,4.70005588517185e-10,"ABRAXAS1/ACTB/AKAP8/ANAPC1/ANAPC11/ANAPC2/ANAPC7/ANKRD31/APC/ARHGEF10/ARID1B/ATM/AURKA/BAG6/BCCIP/BCL7A/BCL7B/BUB3/CCDC86/CCNB1/CCNE2/CDC42/CDC6/CDK1/CDT1/CENPF/CENPN/CENPO/CENPT/CENPU/CEP192/CEP63/CHFR/CHMP1A/CHMP2A/CHMP2B/CHMP3/CHMP5/CHMP7/CLASP1/CSNK2A2/DDX3X/DPF2/DSN1/DYNC1H1/EHMT2/EML4/ERCC2/FBXO5/GEN1/GPSM2/HASPIN/HAUS3/HAUS6/HNRNPU/HORMAD1/KASH5/KIF11/KIF2A/KLHL22/KNL1/M1AP/MAD1L1/MAD2L1/MAEL/MAJIN/MAPRE2/MAPRE3/MCMDC2/MIS12/MIS18A/MLH1/MLH3/MMS19/MSH4/MSH5/MYBL2/NCAPD3/NCAPH/NDEL1/NEK6/NSMCE2/NTMT1/NUMA1/NUP62/PLSCR1/PPP2R2D/PRDM9/PUM2/RAB24/RAD18/RAD21/RAN/RCC1/RCC2/RECQL5/RHOA/RIOK2/RMDN1/RNF212/RNF4/SEH1L/SIRT7/SKA1/SKA3/SMARCA4/SMARCA5/SMARCB1/SMARCC1/SMARCD3/SMC4/SMC5/SMC6/SPATA22/SPC24/SPDL1/SPICE1/SPO11/SRPK1/STAG1/STAG2/STAG3/SYCE1/TENT4A/TEX15/TLK1/TOP1/TUBB/TUBB8/TUBG1/TUBG2/TUBGCP3/TUBGCP4/UBE2I/UHRF1/VPS4B/WAPL/ZCWPW1/ZWINT",139
"GO:0044772","GO:0044772","mitotic cell cycle phase transition","145/3320","461/18860",0.314533622559653,1.78677834984188,7.90512276063145,1.74008304400361e-13,5.31856382399703e-10,4.70005588517185e-10,"ABRAXAS1/ACTB/ACVR1B/AKT1/ANAPC1/ANAPC11/ANAPC2/ANAPC7/ANLN/APC/APPL2/ARID1B/ATM/AURKA/BABAM2/BCL7A/BCL7B/BID/BRD4/BRSK1/BUB3/CACNB4/CACUL1/CALM3/CCNB1/CCND1/CCND3/CCNE2/CCNF/CCNH/CCNI/CCNJL/CCNP/CDC14A/CDC14B/CDC25B/CDC25C/CDC34/CDC6/CDC7/CDC73/CDK1/CDK10/CDK2AP2/CDKN2A/CDKN2C/CENPF/CHFR/CHMP2A/CHMP7/CKS2/CLASP1/CPSF3/CUL2/DACT1/DDX3X/DNM2/DPF2/DTL/EIF4EBP1/ERCC2/EZH2/FBXL15/FBXO31/FBXO5/FBXO7/FHL1/FOXO4/FZR1/GEN1/GSPT1/HASPIN/ID2/INHBA/INTS3/KANK2/KCNH5/KDM8/KHDRBS1/KLHL22/KNL1/MAD1L1/MAD2L1/MARK3/MEPCE/MRNIP/MYB/NABP2/NAE1/NEK6/NEUROG1/NFIB/NSMCE2/PABIR1/PIAS1/PKD1/PKD2/PKMYT1/PLK3/PLRG1/POLE/PPM1D/PPME1/PPP2CA/PPP2R2D/PPP6C/PRKDC/PRMT2/RAD21/RBBP8/RBL2/RBX1/RCC1/RCC2/RIOK2/SENP2/SKA1/SKA3/SMARCA4/SMARCB1/SMARCC1/SMARCD3/SMC5/SPAST/SPC24/SPDL1/TAOK1/TAOK2/TFDP1/TMEM14B/TMOD3/TPRA1/TRIAP1/TRIM39/UBE2E2/UBE2S/UIMC1/USP37/USP38/VPS4B/WAC/WNT10B/ZFP36L1/ZFYVE19/ZWINT",145
"GO:0006302","GO:0006302","double-strand break repair","109/3320","334/18860",0.326347305389222,1.85388860832552,7.27757162024834,1.47915315426158e-11,2.9520970935004e-08,2.60879097761355e-08,"ABRAXAS1/ACTB/ACTR8/AP5S1/APLF/ARID1B/ATM/BABAM2/BCL7A/BCL7B/BRME1/C1QBP/CDC45/CDC7/CHD4/CSNK2A2/DDX11/DEK/DNA2/DPF2/DYRK1A/EPC1/EPC2/ERCC4/ERCC6/FAN1/FIGNL1/FUS/GEN1/H2AX/HMGA2/HSF1/HTATSF1/INTS3/KASH5/KDM2A/LIG3/LIG4/MAJIN/MBTD1/MCM2/MCM4/MCM6/MCMDC2/MEAF6/MLH1/MMS22L/MORF4L1/MRGBP/MRNIP/NABP2/NHEJ1/NSMCE2/NSMCE3/NSMCE4A/OGG1/PALB2/PARP1/PARP2/PARP3/PIAS1/PIAS4/PML/POLA1/POLN/PPP4R2/PPP5C/PRDM9/PRKDC/RAD21/RAD51AP1/RAD54B/RBBP8/RECQL4/RECQL5/REV3L/RMI1/RNF126/RPA1/RTEL1/SAMHD1/SENP3/SETMAR/SFR1/SHLD2/SIRT6/SLX4/SMARCA4/SMARCB1/SMARCC1/SMARCD3/SMC5/SMC6/SMCHD1/SPIRE2/SPO11/TDP1/TDP2/TENT4A/TEX15/TWIST1/UHRF1/UIMC1/XRCC1/XRCC2/YEATS4/YY1/ZCWPW1/ZGRF1",109
"GO:0098813","GO:0098813","nuclear chromosome segregation","106/3320","323/18860",0.328173374613003,1.86426200156664,7.24152142868607,1.9316846677575e-11,2.9520970935004e-08,2.60879097761355e-08,"ABRAXAS1/ACTB/AKAP8/ANAPC1/ANAPC11/ANAPC2/ANAPC7/ANKRD31/APC/ARHGEF10/ARID1B/ATM/AURKA/BAG6/BCCIP/BCL7A/BCL7B/BUB3/CCNB1/CCNE2/CDC42/CDC6/CDK1/CDT1/CENPF/CEP192/CHFR/CHMP1A/CHMP2A/CHMP2B/CHMP3/CHMP5/CHMP7/CLASP1/DPF2/DSN1/DYNC1H1/EHMT2/EML4/FBXO5/GEN1/HASPIN/HNRNPU/HORMAD1/KASH5/KIF11/KIF2A/KLHL22/KNL1/M1AP/MAD1L1/MAD2L1/MAEL/MAJIN/MCMDC2/MIS12/MLH1/MLH3/MSH4/MSH5/MYBL2/NCAPD3/NCAPH/NEK6/NSMCE2/NUMA1/NUP62/PRDM9/RAB24/RAD21/RAN/RCC1/RCC2/RHOA/RIOK2/RMDN1/RNF212/SEH1L/SIRT7/SKA1/SKA3/SMARCA4/SMARCA5/SMARCB1/SMARCC1/SMARCD3/SMC4/SPATA22/SPC24/SPDL1/SPICE1/SPO11/STAG1/STAG2/STAG3/SYCE1/TENT4A/TEX15/TUBB8/TUBG1/TUBG2/UHRF1/VPS4B/WAPL/ZCWPW1/ZWINT",106
"GO:0000280","GO:0000280","nuclear division","135/3320","453/18860",0.298013245033113,1.69293066304955,6.90001825228445,8.29887065327181e-11,1.01461992606901e-07,8.96627456686125e-08,"ABRAXAS1/AKAP8/ANAPC11/ANAPC7/ANKRD31/ANLN/APC/ARHGEF10/ASZ1/ATM/AURKA/BAG6/BCCIP/BMP7/BRME1/BROX/BUB3/CCDC86/CCNB1/CCNE2/CDC14A/CDC14B/CDC25B/CDC25C/CDC42/CDK1/CDT1/CENPF/CEP192/CHFR/CHMP1A/CHMP2A/CHMP2B/CHMP3/CHMP5/CHMP7/CKS2/CLASP1/DAPK3/DMRT1/EHMT2/EML4/ERCC4/FANCA/FBXO5/FBXW5/FIGNL1/FZR1/GEN1/HASPIN/HNRNPU/HORMAD1/HSF1/IGF2/ING2/KASH5/KCTD19/KIF11/KIF2A/KLHL22/KNL1/L3MBTL1/M1AP/MAD1L1/MAD2L1/MAEL/MAJIN/MCMDC2/MEI1/MEIOSIN/MIS12/MLH1/MLH3/MOV10L1/MSH4/MSH5/MYBL2/NCAPD3/NCAPH/NDEL1/NEUROG1/NFIB/NSMCE2/NUMA1/NUP62/PKMYT1/PPP2R2D/PRDM9/PSMA8/RAB24/RAD21/RAD51AP1/RAD54B/RAN/RANBP1/RCC1/RHOA/RMDN1/RMI1/RNF212/RPL10L/SEH1L/SIRT7/SKA1/SKA3/SLC25A31/SLX4/SMARCA5/SMC4/SPAST/SPATA22/SPC24/SPDL1/SPICE1/SPIRE2/SPO11/STAG1/STAG2/STAG3/SYCE1/TENT4A/TEX15/TOP6BL/TUBB8/TUBG1/TUBG2/UBB/UBE2I/UBE2S/UHRF1/VPS4B/WAPL/ZCWPW1/ZNF541/ZWINT",135
"GO:0033044","GO:0033044","regulation of chromosome organization","82/3320","244/18860",0.336065573770492,1.90909539798538,6.60638762770346,1.0130955011576e-09,1.0321754664294e-06,9.12141423147512e-07,"ACD/ACTB/ACTR8/ANAPC1/ANAPC11/ANAPC2/ANAPC7/APC/ARID1B/ATM/BCL7A/BCL7B/BUB3/CCNB1/CCT3/CCT5/CDC6/CDK1/CENPF/CHFR/DDX11/DKC1/DPF2/ERCC4/FBXO5/GEN1/HASPIN/HNRNPA1/HNRNPU/HSP90AA1/INO80C/INO80E/KLHL22/KNL1/LIG4/MAD1L1/MAD2L1/MAP2K7/MAPT/NABP2/NAT10/NCAPD3/NCAPH/NEK6/NSMCE2/NSMCE3/NSMCE4A/NUMA1/PARN/PARP1/PARP3/PKIB/PML/PPP1R10/PTGES3/RAD21/RIOK2/RNF4/RTEL1/SETMAR/SIRT6/SKA1/SKA3/SLX4/SMARCA4/SMARCA5/SMARCB1/SMARCC1/SMARCD3/SMC4/SMC5/SMC6/SMG6/SPC24/SPDL1/TNKS2/UPF1/WAPL/XRCC1/YLPM1/YY1/ZWINT",82
"GO:1901990","GO:1901990","regulation of mitotic cell cycle phase transition","109/3320","357/18860",0.305322128851541,1.73445040666869,6.47557554309455,1.21104774529502e-09,1.05759069528407e-06,9.34601056970533e-07,"ABRAXAS1/ACTB/AKT1/ANAPC11/ANAPC7/ANLN/APC/APPL2/ARID1B/ATM/AURKA/BABAM2/BCL7A/BCL7B/BID/BRD4/BRSK1/BUB3/CACNB4/CCNB1/CCND1/CCND3/CCNE2/CCNH/CDC14A/CDC14B/CDC25B/CDC25C/CDC6/CDC7/CDC73/CDK1/CDK10/CDK2AP2/CDKN2A/CDKN2C/CENPF/CHFR/CPSF3/DACT1/DDX3X/DPF2/DTL/ERCC2/EZH2/FBXO31/FBXO5/FBXO7/FHL1/FOXO4/FZR1/GEN1/HASPIN/ID2/INHBA/INTS3/KANK2/KCNH5/KLHL22/KNL1/MAD1L1/MAD2L1/MARK3/MEPCE/MRNIP/NABP2/NAE1/NEK6/NEUROG1/NSMCE2/PABIR1/PKD1/PKD2/PKMYT1/PLK3/PLRG1/PPP2CA/PRKDC/PRMT2/RAD21/RBBP8/RBL2/RCC2/RIOK2/SENP2/SKA1/SKA3/SMARCA4/SMARCB1/SMARCC1/SMARCD3/SPC24/SPDL1/TAOK1/TAOK2/TFDP1/TMEM14B/TMOD3/TPRA1/TRIAP1/TRIM39/UBE2E2/UIMC1/VPS4B/WAC/WNT10B/ZFP36L1/ZFYVE19/ZWINT",109
"GO:1901987","GO:1901987","regulation of cell cycle phase transition","134/3320","468/18860",0.286324786324786,1.62653176809803,6.34387196023383,1.77122811849625e-09,1.35343968604594e-06,1.19604509264773e-06,"ABRAXAS1/ACTB/AKT1/ANAPC11/ANAPC7/ANLN/APBB2/APC/APPL2/ARID1B/ATM/AURKA/BABAM2/BCL7A/BCL7B/BID/BRD4/BRSK1/BUB3/CACNB4/CAMSAP3/CCNB1/CCND1/CCND3/CCNE2/CCNH/CCNQ/CDC14A/CDC14B/CDC25B/CDC25C/CDC45/CDC5L/CDC6/CDC7/CDC73/CDK1/CDK10/CDK16/CDK17/CDK2AP2/CDKN2A/CDKN2C/CDT1/CENPF/CEP63/CHFR/CLOCK/CPSF3/CRY1/DACT1/DDX3X/DNA2/DPF2/DTL/ERCC2/ERCC6/EZH2/FBXO31/FBXO5/FBXO7/FHL1/FOXO4/FZR1/GEN1/GNB1L/H2AX/HASPIN/HORMAD1/ID2/INHBA/INTS3/INTS7/KANK2/KCNH5/KLHL22/KNL1/MAD1L1/MAD2L1/MARK3/MEPCE/MRNIP/NABP2/NAE1/NEK6/NEUROG1/NPM1/NSMCE2/NSUN2/PABIR1/PAXIP1/PKD1/PKD2/PKMYT1/PLK3/PLRG1/PPP1R10/PPP2CA/PRKDC/PRMT2/RAD21/RAD9A/RASSF1/RBBP8/RBL2/RCC2/RIOK2/SENP2/SETMAR/SKA1/SKA3/SMARCA4/SMARCB1/SMARCC1/SMARCD3/SPC24/SPDL1/TAOK1/TAOK2/TELO2/TFDP1/TMEM14B/TMOD3/TPRA1/TRIAP1/TRIM39/UBE2E2/UIMC1/VPS4B/WAC/WNT10B/ZFP36L1/ZFYVE19/ZWINT",134
"GO:0007098","GO:0007098","centrosome cycle","57/3320","150/18860",0.38,2.15867469879518,6.58526299959767,2.34051308975128e-09,1.58972850196107e-06,1.40485534229282e-06,"ARHGEF10/AURKA/BNIP2/BRSK1/C2CD3/CCDC102B/CCNF/CDK1/CDK11A/CDK11B/CEP120/CEP192/CEP250/CEP295/CEP44/CEP63/CEP72/CHD3/CHMP1A/CHMP2A/CHMP2B/CHMP3/CHMP5/CHORDC1/CNTLN/CNTROB/DCTN1/DEUP1/DNM2/FBXW5/GADD45A/GEN1/HAUS3/HAUS6/KIF11/KIF3A/MDM1/NAT10/NDEL1/NPM1/NUBP1/NUP62/PARD6B/PARD6G/PDCD6IP/PKD2/PLK4/POC1A/PPP1R12A/RANBP1/RBM14/SLC16A1/SPICE1/SSX2IP/TRIM37/VPS4B/XRCC2",57
"GO:0008380","GO:0008380","RNA splicing","138/3320","490/18860",0.281632653061224,1.59987705925744,6.21882850459563,3.28859730811517e-09,2.0103195344508e-06,1.77653488265759e-06,"AKAP17A/ALYREF/ARMC7/ATXN7L3/C1QBP/CDC5L/CDK11A/CDK11B/CELF4/CIRBP/CLASRP/CLK1/CRIPT/DAZAP1/DCPS/DDX39A/DDX39B/DDX42/DHX15/DHX8/DHX9/DYRK1A/ESS2/FAM98A/FMR1/FUS/GEMIN2/GEMIN4/GPATCH8/HNRNPA1/HNRNPA3/HNRNPF/HNRNPH1/HNRNPH2/HNRNPH3/HNRNPK/HNRNPL/HNRNPM/HNRNPR/HNRNPU/HTATSF1/ILF3/IWS1/KHDRBS1/KHDRBS3/KHSRP/LARP7/LSM1/LSM2/LSM4/LSM7/LSM8/LUC7L/MBNL1/MPHOSPH10/NCL/NOVA1/NPM1/PABPC1/PAXBP1/PLRG1/PPP4R2/PRPF40A/PRPF6/PTBP1/PTBP2/PTBP3/QKI/RBFOX1/RBM12/RBM12B/RBM14/RBM17/RBM19/RBM23/RBM42/RBM6/RBMX2/RNPS1/RNU6ATAC/RRP1B/RSRP1/RTCB/SAP18/SART1/SCAF1/SCAF11/SF1/SF3A2/SF3B1/SNRNP25/SNRNP70/SNRPD2/SNRPN/SNW1/SREK1/SRPK1/SRPK2/SRRM2/SRSF1/SRSF10/SRSF12/SRSF2/SRSF5/SRSF6/SRSF9/STRAP/SUGP2/SUPT3H/SYNCRIP/TADA2B/TAF12/TAF12-DT/THOC3/THOC6/TIA1/TMBIM6/TRA2A/TSEN15/TSEN2/TSEN34/TSEN54/TSSC4/TXNL4A/TXNL4B/U2AF1L4/U2AF2/UBL5/UPF1/USP39/YBX1/YJU2B/YTHDC1/ZC3H14/ZMAT2/ZMAT5/ZNF638/ZRSR2",138
"GO:0050684","GO:0050684","regulation of mRNA processing","53/3320","139/18860",0.381294964028777,2.16603103059721,6.37757906563754,7.33713032918906e-09,3.71954021337246e-06,3.28698638363926e-06,"ALKBH5/C1QBP/CCNB1/CDC73/CDK11A/CDK11B/CELF4/CIRBP/DAZAP1/DHX9/DYRK1A/FMR1/HDAC7/HNRNPA1/HNRNPK/HNRNPL/HNRNPU/IWS1/KHDRBS1/KHDRBS3/LARP7/NCL/NOVA1/NPM1/PTBP1/QKI/RBFOX1/RBM14/RBM19/RBM23/RBM42/RNPS1/SAFB/SAFB2/SAP18/SLTM/SNRNP70/SNW1/SRPK1/SRPK2/SRSF1/SRSF10/SRSF12/SRSF2/SRSF5/SRSF6/SRSF9/TIA1/TRA2A/U2AF2/UPF1/YTHDC1/ZFP36L1",53
"GO:0000725","GO:0000725","recombinational repair","69/3320","201/18860",0.343283582089552,1.95009890307499,6.25929655113769,7.83413105828294e-09,3.71954021337246e-06,3.28698638363926e-06,"ACTB/AP5S1/ATM/C1QBP/CDC45/CDC7/CHD4/CTBP1-DT/DYRK1A/EPC1/EPC2/ERCC4/ERCC6/FAN1/FIGNL1/FUS/GEN1/H2AX/HTATSF1/INTS3/KASH5/LIG3/MBTD1/MCM2/MCM4/MCM6/MCMDC2/MEAF6/MMS22L/MORF4L1/MRGBP/MRNIP/NABP2/NSMCE2/NSMCE3/NSMCE4A/PALB2/PARP1/PIAS1/PIAS4/POLN/PPP4R2/PRKDC/RAD21/RAD51AP1/RAD54B/RBBP8/RECQL4/RECQL5/REV3L/RMI1/RNF126/RPA1/RTEL1/SAMHD1/SENP3/SFR1/SHLD2/SIRT6/SLX4/SMC5/SMC6/SMCHD1/TEX15/UHRF1/XRCC2/YEATS4/YY1/ZGRF1",69
"GO:0006354","GO:0006354","DNA-templated transcription elongation","54/3320","143/18860",0.377622377622378,2.14516808492712,6.35363115744174,7.91003153506331e-09,3.71954021337246e-06,3.28698638363926e-06,"ARMC5/BRD4/CCNK/CCNT2/CDC73/CTR9/EAPP/ELOB/ELOF1/ERCC2/ERCC6/EZH2/GTF2F1/GTF2F2/GTF2H5/HMGN1/HNRNPU/INTS11/INTS13/INTS2/INTS3/INTS7/IWS1/KAT7/LARP7/LDB1/MED11/MED15/MED18/MED20/MED25/MED26/MED28/MED4/NELFA/NELFB/NELFCD/NELFE/PARP1/PCID2/POLR2E/POLR2I/PPP1R10/PPP2CA/RBX1/RECQL5/RTF1/SETD5/SIRT6/SUPT4H1/SUPT5H/TCEA2/VHL/WDR43",54
"GO:0031023","GO:0031023","microtubule organizing center organization","59/3320","163/18860",0.361963190184049,2.05621258038288,6.25982279232879,1.03782942744691e-08,4.53160806427354e-06,4.00461700876506e-06,"ARHGEF10/AURKA/BNIP2/BRSK1/C2CD3/CCDC102B/CCNF/CDK1/CDK11A/CDK11B/CEP120/CEP192/CEP250/CEP295/CEP44/CEP63/CEP72/CHD3/CHMP1A/CHMP2A/CHMP2B/CHMP3/CHMP5/CHORDC1/CLASP1/CNTLN/CNTROB/DCTN1/DEUP1/DNM2/FBXW5/GADD45A/GEN1/HAUS3/HAUS6/KIF11/KIF3A/MDM1/NAT10/NDEL1/NPM1/NUBP1/NUP62/PAFAH1B1/PARD6B/PARD6G/PDCD6IP/PKD2/PLK4/POC1A/PPP1R12A/RANBP1/RBM14/SLC16A1/SPICE1/SSX2IP/TRIM37/VPS4B/XRCC2",59
"GO:0000724","GO:0000724","double-strand break repair via homologous recombination","67/3320","195/18860",0.343589743589744,1.95183812171764,6.17545935978836,1.2327647028606e-08,5.02392708572457e-06,4.43968312637236e-06,"ACTB/AP5S1/ATM/C1QBP/CDC45/CDC7/CHD4/DYRK1A/EPC1/EPC2/ERCC4/ERCC6/FAN1/FIGNL1/FUS/GEN1/H2AX/HTATSF1/INTS3/KASH5/LIG3/MBTD1/MCM2/MCM4/MCM6/MCMDC2/MEAF6/MMS22L/MORF4L1/MRGBP/MRNIP/NABP2/NSMCE2/NSMCE3/NSMCE4A/PALB2/PARP1/PIAS1/PIAS4/POLN/PPP4R2/PRKDC/RAD21/RAD51AP1/RAD54B/RBBP8/RECQL4/RECQL5/REV3L/RMI1/RNF126/RPA1/RTEL1/SAMHD1/SENP3/SFR1/SHLD2/SIRT6/SLX4/SMC5/SMC6/SMCHD1/TEX15/UHRF1/XRCC2/YEATS4/YY1",67
"GO:0010639","GO:0010639","negative regulation of organelle organization","108/3320","367/18860",0.294277929155313,1.6717113686353,6.00640912757753,1.35277163108192e-08,5.16843311300234e-06,4.56738421757394e-06,"ACD/AKT1/ANKRD27/APC/APC2/ARAP1/ARHGAP28/ARHGEF18/ATM/BBOF1/BMP7/BNIP3/BUB3/CAPG/CAPZA1/CAPZA2/CARMIL2/CCDC88C/CCNB1/CCNF/CDK10/CENPF/CFL1/CKAP2/CLASP1/CLIP3/CTNNA2/CYRIB/DMRT1/DYRK1A/EHMT2/EML2/ERCC4/FBXO5/FEZ1/FKBP4/GEN1/HASPIN/HDGFL3/HNRNPA1/HNRNPU/HORMAD1/INPP5K/KANK1/KANK2/KANK3/KLHL22/KNL1/MAD1L1/MAD2L1/MAPT/MDM1/MPHOSPH9/MTPN/NAT10/NPM1/NUBP1/OMA1/OPA1/PARP1/PARP3/PFN1/PHF23/PINK1/PML/PPARG/PRELID1/PRKN/RAD21/RBM14/RHPN1/RTEL1/SETMAR/SKA1/SKA3/SLC25A31/SLC25A4/SLC35F6/SLX4/SMAD4/SMARCA5/SMG6/SPC24/SPDL1/SPECC1L/SPTAN1/SPTBN1/SPTBN2/SPTBN4/SSH1/SSH2/SVIL/TAOK1/TBC1D7/TFRC/TMEM14A/TMOD3/TNKS2/TRIAP1/TRIM32/TRIM37/TTBK2/TWF2/USP10/WAPL/WDR44/XRCC1/ZWINT",108
"GO:0051983","GO:0051983","regulation of chromosome segregation","51/3320","134/18860",0.380597014925373,2.16206617514835,6.23969863559898,1.50304684397812e-08,5.40477962190485e-06,4.77624545095709e-06,"ACTB/ANAPC1/ANAPC11/ANAPC2/ANAPC7/APC/ARID1B/ATM/BCL7A/BCL7B/BUB3/CCNB1/CDC6/CDK1/CENPF/CHFR/CSNK2A2/DPF2/FBXO5/GEN1/HASPIN/HNRNPU/HORMAD1/KLHL22/KNL1/MAD1L1/MAD2L1/NCAPD3/NCAPH/NEK6/NSMCE2/NUMA1/PLSCR1/PPP2R2D/PUM2/RAD18/RAD21/RCC2/RIOK2/SKA1/SKA3/SMARCA4/SMARCB1/SMARCC1/SMARCD3/SMC4/SMC5/SMC6/SPC24/SPDL1/ZWINT",51
"GO:0051052","GO:0051052","regulation of DNA metabolic process","137/3320","497/18860",0.275653923541247,1.56591355361082,5.9096170298779,1.62713163281843e-08,5.52591981745502e-06,4.8832979763884e-06,"ABRAXAS1/ACD/ACTB/ACTR8/AKT1/ANKRD31/APLF/ARID1B/ATM/ATXN7L3/BABAM2/BCL7A/BCL7B/C1QBP/CAMSAP3/CCT3/CCT5/CDC6/CDC7/CDK1/CDT1/CHRAC1/CHTF18/CHTF8/DDX11/DEK/DFFB/DHX9/DKC1/DNA2/DPF2/DYNLL1/EHMT2/ENDOG/EPC1/EPC2/ERCC2/ERCC4/ERCC6/ESCO1/FBXO5/FIGNL1/FUS/GMNN/H1-2/H2AX/HMGA2/HNRNPA1/HNRNPU/HSF1/HSP90AA1/ING5/INO80C/INO80E/KAT7/KCTD13/LIG3/MAP2K7/MBTD1/MCM2/MCM4/MCM6/MEAF6/MLH1/MORF4L1/MRGBP/MRNIP/NABP2/NAT10/NSMCE2/NSMCE3/NSMCE4A/OGG1/PARN/PARP1/PARP3/PAXIP1/PCNA/PIAS4/PKIB/PML/PMS2/POLG2/POLH/PPP1R10/PPP4R2/PRDM9/PRKDC/PTGES3/RAD51AP1/RECQL5/RFC3/RNF126/RTEL1/SENP2/SENP3/SETMAR/SHLD2/SIRT6/SIRT7/SLX4/SMARCA4/SMARCA5/SMARCB1/SMARCC1/SMARCD3/SMC5/SMC6/SMCHD1/SMG6/SPIRE2/SUPT3H/SUV39H1/TADA2B/TAF12/TAF4/TAF6/TAF7/TEX15/TFDP1/TFRC/TIGAR/TNKS2/TRIM28/TWIST1/UBE2V1/UIMC1/UPF1/USP1/USP37/WAPL/WRNIP1/XRCC1/YEATS4/YLPM1/YY1/ZCWPW1",137
"GO:0000819","GO:0000819","sister chromatid segregation","76/3320","233/18860",0.32618025751073,1.85293965561818,6.05518859991319,1.77874061895685e-08,5.72286389667539e-06,5.05733897866292e-06,"ABRAXAS1/ACTB/AKAP8/ANAPC1/ANAPC11/ANAPC2/ANAPC7/APC/ARHGEF10/ARID1B/ATM/BCCIP/BCL7A/BCL7B/BUB3/CCNB1/CDC6/CDK1/CDT1/CENPF/CEP192/CHFR/CHMP1A/CHMP2A/CHMP2B/CHMP3/CHMP5/CHMP7/CLASP1/DPF2/EML4/FBXO5/GEN1/HASPIN/HNRNPU/KIF11/KIF2A/KLHL22/KNL1/MAD1L1/MAD2L1/MIS12/MYBL2/NCAPD3/NCAPH/NEK6/NSMCE2/NUMA1/NUP62/RAD21/RAN/RCC1/RHOA/RIOK2/RMDN1/SEH1L/SKA1/SKA3/SMARCA4/SMARCA5/SMARCB1/SMARCC1/SMARCD3/SMC4/SPC24/SPDL1/SPICE1/STAG1/STAG2/TENT4A/TUBG1/TUBG2/UHRF1/VPS4B/WAPL/ZWINT",76
"GO:0045814","GO:0045814","negative regulation of gene expression, epigenetic","67/3320","197/18860",0.34010152284264,1.93202250626873,6.07815330308702,1.95468903268249e-08,5.97450702839402e-06,5.27971795564554e-06,"BAP1/BEND3/CBX1/CBX5/CDKN2B-AS1/CTR9/DNMT1/DYRK1A/EED/EHMT1/EHMT2/EPC1/EZH1/EZH2/H1-2/H2AC11/H2AC12/H2AC13/H2AC15/H2AC17/H2AC18/H2AC19/H2AC20/H2AC25/H2AC6/H2AC8/H2AX/HDAC4/HDAC5/HMGA2/HNRNPK/HNRNPU/ING2/JARID2/L3MBTL1/LHX2/MAEL/MBD1/MBD3/MCRIP1/MECP2/MIS18A/MORC1/MOV10L1/PARTICL/PCGF3/PCID2/PPM1D/SIRT6/SIRT7/SMARCA4/SMARCA5/SMCHD1/SPEN/SPIN1/SPTY2D1/SUV39H1/SUV39H2/TASOR2/TDRD5/TEX15/TRIM28/TRIM37/UHRF1/UHRF2/YTHDC1/ZNF445",67
"GO:0000375","GO:0000375","RNA splicing, via transesterification reactions","102/3320","348/18860",0.293103448275862,1.6650394682177,5.78779627911096,4.2399230196242e-08,1.23422140090299e-05,1.09069097427125e-05,"C1QBP/CDC5L/CELF4/CIRBP/DAZAP1/DCPS/DDX39A/DDX39B/DDX42/DHX15/DHX8/DHX9/DYRK1A/ESS2/FMR1/GEMIN2/GEMIN4/GPATCH8/HNRNPA1/HNRNPA3/HNRNPF/HNRNPH1/HNRNPH3/HNRNPK/HNRNPL/HNRNPM/HNRNPR/HNRNPU/HTATSF1/ILF3/KHDRBS1/KHDRBS3/KHSRP/LARP7/LSM1/LSM2/LSM4/LSM7/LSM8/LUC7L/MPHOSPH10/NCL/NOVA1/NPM1/PABPC1/PAXBP1/PLRG1/PRPF40A/PRPF6/PTBP1/PTBP2/QKI/RBFOX1/RBM14/RBM17/RBM19/RBM23/RBM42/RBM6/RBMX2/RNPS1/RNU6ATAC/RSRP1/SAP18/SART1/SCAF11/SF1/SF3A2/SF3B1/SNRNP25/SNRNP70/SNRPD2/SNRPN/SNW1/SRPK1/SRPK2/SRRM2/SRSF1/SRSF10/SRSF12/SRSF2/SRSF5/SRSF6/SRSF9/STRAP/SYNCRIP/TAF12-DT/TIA1/TRA2A/TSSC4/TXNL4A/TXNL4B/U2AF1L4/U2AF2/UBL5/UPF1/USP39/YJU2B/YTHDC1/ZC3H14/ZMAT2/ZRSR2",102
"GO:0007051","GO:0007051","spindle organization","69/3320","209/18860",0.330143540669856,1.87545396898599,5.88245025000925,4.65154478828051e-08,1.26074389752947e-05,1.11412910916705e-05,"ABRAXAS1/AFG2B/ARHGEF10/AURKA/BCCIP/CCNB1/CEP120/CEP192/CEP63/CEP72/CHD3/CHMP1A/CHMP2A/CHMP2B/CHMP3/CHMP5/CHMP7/CLASP1/DCTN1/DYNC1H1/EFHC1/EML1/FBXO5/FSD1/GNAI1/GPSM2/HAUS3/HAUS6/HNRNPU/INTS13/KASH5/KIF11/KIF2A/MAPRE2/MAPRE3/MLH1/MYBL2/NEK6/NTMT1/NUMA1/NUP62/PARP3/PCNT/PKD1/PLK3/POC1A/PTPA/RAE1/RAN/RCC1/RHOA/RMDN1/RNF4/SKA1/SKA3/SPAST/SPICE1/STAG1/STAG2/TACC1/TPPP/TUBB/TUBB8/TUBG1/TUBG2/TUBGCP3/TUBGCP4/UHRF1/VPS4B",69
"GO:0022613","GO:0022613","ribonucleoprotein complex biogenesis","135/3320","496/18860",0.272177419354839,1.54616449669646,5.69748940938261,4.74351540048714e-08,1.26074389752947e-05,1.11412910916705e-05,"AATF/ADAR/AFG2B/AGO1/ATM/BOP1/BYSL/C1QBP/CDKN2A/CELF4/CHD7/DDX10/DDX39B/DDX3X/DDX42/DDX51/DDX52/DHX9/DICER1/DKC1/EIF2A/EIF2D/EIF2S2/EIF2S3/EIF3A/EIF3B/EIF3K/EIF4H/EIF5B/ERCC2/ESF1/EXOSC1/EXOSC2/EXOSC5/EXOSC8/FASTKD2/FBL/FTSJ3/GEMIN2/GEMIN4/GTF2H5/GTF3A/HEATR1/HEATR3/HSP90AA1/HTATSF1/KRI1/LSM2/LSM4/LTO1/LUC7L/LYAR/MAK16/MPHOSPH10/MPHOSPH6/MTERF4/MTG1/MYBBP1A/MYG1/NAT10/NOA1/NOB1/NOL7/NOLC1/NOP56/NPM1/POP4/POP7/PPAN/PRKDC/PRPF6/PTBP2/PTGES3/PWP1/PWP2/RAN/RBFA/RBMX2/RIOK2/RNU6ATAC/RPL10L/RPL13A/RPL26L1/RPL5/RPLP0/RPP38/RPP40/RPS15/RPS16/RPS23/RPS5/RPS9/RPSA2/RPUSD1/RRP1/RRP1B/RRP7A/RRP7BP/RRP9/RSRP1/SART1/SCAF11/SF1/SF3A2/SF3B1/SIRT7/SNRPD2/SRPK1/SRPK2/SRSF1/SRSF10/SRSF12/SRSF5/SRSF6/SRSF9/STRAP/SUV39H1/TAF12-DT/TFB1M/TSR3/TSSC4/TXNL4A/U2AF2/URB2/USP36/USP39/UTP18/UTP20/UTP4/WDR12/WDR18/WDR43/YTHDC1/YTHDF2/ZRSR2",135
"GO:0006368","GO:0006368","transcription elongation by RNA polymerase II","48/3320","129/18860",0.372093023255814,2.1137573550014,5.86688834582211,8.94709782206864e-08,2.2789003744294e-05,2.01388184310773e-05,"ARMC5/BRD4/CCNK/CCNT2/CDC73/CTR9/EAPP/ELOB/ELOF1/ERCC6/EZH2/GTF2F1/GTF2F2/HNRNPU/INTS11/INTS13/INTS2/INTS3/INTS7/IWS1/LARP7/LDB1/MED11/MED15/MED18/MED20/MED25/MED26/MED28/MED4/NELFA/NELFB/NELFCD/NELFE/PARP1/PCID2/POLR2I/PPP1R10/PPP2CA/RBX1/RECQL5/RTF1/SIRT6/SUPT4H1/SUPT5H/TCEA2/VHL/WDR43",48
"GO:0006310","GO:0006310","DNA recombination","103/3320","358/18860",0.287709497206704,1.63439792690314,5.60140268203526,1.01538802601796e-07,2.48282680121912e-05,2.19409319979965e-05,"ACTB/ACTR8/ANKRD31/AP5S1/APEX2/APLF/ATM/BCL11B/BRME1/C1QBP/CDC45/CDC7/CHD4/CTBP1-DT/DCAF1/DYRK1A/ENDOG/EPC1/EPC2/ERCC2/ERCC4/ERCC6/FAN1/FIGNL1/FUS/GEN1/H1-2/H2AX/HSPD1/HTATSF1/INO80C/INO80E/INTS3/KASH5/KIN/LEF1/LIG3/LIG4/MAJIN/MBTD1/MCM2/MCM4/MCM6/MCMDC2/MEAF6/MLH1/MLH3/MMS22L/MORF4L1/MRGBP/MRNIP/MSH4/MSH5/NABP2/NFKBIZ/NHEJ1/NSMCE2/NSMCE3/NSMCE4A/PALB2/PARP1/PARP3/PAXIP1/PIAS1/PIAS4/PMS2/POLN/PPP4R2/PRDM9/PRKDC/RAD21/RAD51AP1/RAD54B/RBBP8/RECQL4/RECQL5/REV3L/RMI1/RNF126/RNF212/RPA1/RTEL1/SAMHD1/SANBR/SENP3/SFR1/SHLD2/SIRT6/SLX4/SMC5/SMC6/SMCHD1/SPO11/TEX15/TFRC/TOP6BL/UHRF1/XRCC1/XRCC2/YEATS4/YY1/ZCWPW1/ZGRF1",103
"GO:0000377","GO:0000377","RNA splicing, via transesterification reactions with bulged adenosine as nucleophile","99/3320","344/18860",0.287790697674419,1.6348592042589,5.49270052019431,1.75983593261303e-07,3.98439890965312e-05,3.52104405698638e-05,"C1QBP/CDC5L/CELF4/CIRBP/DAZAP1/DCPS/DDX39A/DDX39B/DDX42/DHX15/DHX8/DHX9/DYRK1A/ESS2/FMR1/GEMIN2/GEMIN4/GPATCH8/HNRNPA1/HNRNPA3/HNRNPF/HNRNPH1/HNRNPH3/HNRNPK/HNRNPL/HNRNPM/HNRNPR/HNRNPU/HTATSF1/ILF3/KHDRBS1/KHDRBS3/LARP7/LSM2/LSM4/LSM7/LSM8/LUC7L/NCL/NOVA1/NPM1/PABPC1/PAXBP1/PLRG1/PRPF40A/PRPF6/PTBP1/PTBP2/QKI/RBFOX1/RBM14/RBM17/RBM19/RBM23/RBM42/RBM6/RBMX2/RNPS1/RNU6ATAC/RSRP1/SAP18/SART1/SCAF11/SF1/SF3A2/SF3B1/SNRNP25/SNRNP70/SNRPD2/SNRPN/SNW1/SRPK1/SRPK2/SRRM2/SRSF1/SRSF10/SRSF12/SRSF2/SRSF5/SRSF6/SRSF9/STRAP/SYNCRIP/TAF12-DT/TIA1/TRA2A/TSSC4/TXNL4A/TXNL4B/U2AF1L4/U2AF2/UBL5/UPF1/USP39/YJU2B/YTHDC1/ZC3H14/ZMAT2/ZRSR2",99
"GO:0000398","GO:0000398","mRNA splicing, via spliceosome","99/3320","344/18860",0.287790697674419,1.6348592042589,5.49270052019431,1.75983593261303e-07,3.98439890965312e-05,3.52104405698638e-05,"C1QBP/CDC5L/CELF4/CIRBP/DAZAP1/DCPS/DDX39A/DDX39B/DDX42/DHX15/DHX8/DHX9/DYRK1A/ESS2/FMR1/GEMIN2/GEMIN4/GPATCH8/HNRNPA1/HNRNPA3/HNRNPF/HNRNPH1/HNRNPH3/HNRNPK/HNRNPL/HNRNPM/HNRNPR/HNRNPU/HTATSF1/ILF3/KHDRBS1/KHDRBS3/LARP7/LSM2/LSM4/LSM7/LSM8/LUC7L/NCL/NOVA1/NPM1/PABPC1/PAXBP1/PLRG1/PRPF40A/PRPF6/PTBP1/PTBP2/QKI/RBFOX1/RBM14/RBM17/RBM19/RBM23/RBM42/RBM6/RBMX2/RNPS1/RNU6ATAC/RSRP1/SAP18/SART1/SCAF11/SF1/SF3A2/SF3B1/SNRNP25/SNRNP70/SNRPD2/SNRPN/SNW1/SRPK1/SRPK2/SRRM2/SRSF1/SRSF10/SRSF12/SRSF2/SRSF5/SRSF6/SRSF9/STRAP/SYNCRIP/TAF12-DT/TIA1/TRA2A/TSSC4/TXNL4A/TXNL4B/U2AF1L4/U2AF2/UBL5/UPF1/USP39/YJU2B/YTHDC1/ZC3H14/ZMAT2/ZRSR2",99
"GO:0000075","GO:0000075","cell cycle checkpoint signaling","62/3320","187/18860",0.331550802139037,1.88344823142839,5.61174237591105,1.84619123850701e-07,4.03063108606906e-05,3.56189978797668e-05,"ABRAXAS1/APC/ATM/BABAM2/BRD4/BRSK1/BUB3/CAMSAP3/CCNB1/CCND1/CDC14B/CDC45/CDC5L/CDC6/CDK1/CDT1/CENPF/CEP63/CHFR/CLOCK/CRY1/DNA2/DTL/ERCC6/FBXO31/FOXO4/FZR1/GEN1/GNB1L/H2AX/HASPIN/HORMAD1/INTS3/INTS7/KLHL22/KNL1/MAD1L1/MAD2L1/MRNIP/NABP2/NAE1/NSUN2/PABIR1/PLK3/PPP1R10/PRKDC/RAD9A/RBBP8/SETMAR/SKA1/SKA3/SPC24/SPDL1/TAOK1/TAOK2/TELO2/TRIAP1/TRIM39/UIMC1/WAC/ZFYVE19/ZWINT",62
"GO:0000956","GO:0000956","nuclear-transcribed mRNA catabolic process","47/3320","128/18860",0.3671875,2.08589043674699,5.69772892655974,1.92598633677364e-07,4.05984637127492e-05,3.58771756091554e-05,"AGO1/ATM/CAPRIN1/CNOT1/CNOT4/CNOT6L/CNOT8/CNOT9/CTIF/DCPS/DHX34/DHX9/EIF4ENIF1/EXOSC2/EXOSC5/EXOSC8/FMR1/GSPT1/HBS1L/HNRNPAB/HNRNPU/LSM1/LSM4/LSM7/MLH1/PABPC1/PAN2/PAN3/PARN/PATL1/PNRC1/POLR2G/RNPS1/SKIC2/SKIC3/SMG6/SMG7/SMG9/SYNCRIP/TENT2/TENT4A/TNRC6B/TNRC6C/UPF1/UPF2/YBX1/ZFP36L1",47
"GO:0033119","GO:0033119","negative regulation of RNA splicing","17/3320","27/18860",0.62962962962963,3.57675145024543,6.19294927615457,2.0086612506652e-07,4.09298207510545e-05,3.61699983803992e-05,"C1QBP/CELF4/DYRK1A/HNRNPK/NPM1/PTBP1/PTBP2/PTBP3/RBM42/RNPS1/SAP18/SRSF10/SRSF12/SRSF6/SRSF9/TMBIM6/U2AF2",17
"GO:0140014","GO:0140014","mitotic nuclear division","84/3320","281/18860",0.298932384341637,1.69815203876002,5.44997949208721,2.57452824467941e-07,5.07680359991136e-05,4.48641050991332e-05,"ABRAXAS1/AKAP8/ANAPC11/ANAPC7/ANLN/APC/ARHGEF10/ATM/AURKA/BCCIP/BMP7/BROX/BUB3/CCDC86/CCNB1/CDC14A/CDC14B/CDC25C/CDC42/CDK1/CDT1/CENPF/CEP192/CHMP1A/CHMP2A/CHMP2B/CHMP3/CHMP5/CHMP7/CLASP1/DAPK3/DMRT1/EML4/FBXO5/FBXW5/GEN1/HASPIN/HNRNPU/IGF2/KIF11/KIF2A/KLHL22/KNL1/L3MBTL1/MAD1L1/MAD2L1/MIS12/MYBL2/NCAPD3/NCAPH/NDEL1/NEUROG1/NFIB/NSMCE2/NUMA1/NUP62/PKMYT1/PPP2R2D/RAD21/RAN/RANBP1/RCC1/RHOA/RMDN1/SEH1L/SKA1/SKA3/SMARCA5/SMC4/SPAST/SPC24/SPDL1/SPICE1/STAG1/STAG2/TENT4A/TUBG1/TUBG2/UBE2I/UBE2S/UHRF1/VPS4B/WAPL/ZWINT",84
"GO:0007052","GO:0007052","mitotic spindle organization","49/3320","137/18860",0.357664233576642,2.03179139917334,5.60231253628451,2.71149686814193e-07,5.17980636092239e-05,4.57743484450803e-05,"ABRAXAS1/AFG2B/ARHGEF10/AURKA/BCCIP/CCNB1/CEP192/CHMP1A/CHMP2A/CHMP2B/CHMP3/CHMP5/CHMP7/CLASP1/DCTN1/DYNC1H1/EFHC1/EML1/FSD1/GNAI1/GPSM2/HNRNPU/INTS13/KIF11/KIF2A/MYBL2/NEK6/NUMA1/NUP62/PARP3/PCNT/PKD1/PLK3/POC1A/PTPA/RAE1/RAN/RCC1/RHOA/RMDN1/SPAST/SPICE1/STAG1/STAG2/TACC1/TUBG1/TUBG2/UHRF1/VPS4B",49
"GO:0051321","GO:0051321","meiotic cell cycle","88/3320","299/18860",0.294314381270903,1.67191844300278,5.41320327077958,2.88047880280597e-07,5.33586876410693e-05,4.71534839425844e-05,"ANAPC1/ANAPC10/ANAPC11/ANAPC13/ANAPC2/ANAPC7/ANKRD31/ASZ1/ATM/AURKA/BAG6/BRME1/BUB3/CCNE2/CDC25B/CDC25C/CHFR/CKS2/DMRT1/EHMT2/ERCC4/FAM9A/FANCA/FBXO5/FIGNL1/FZR1/H2AX/HORMAD1/HSF1/ING2/KASH5/KCTD19/KNL1/LSM14B/M1AP/MAEL/MAJIN/MCMDC2/MEI1/MEIOSIN/MLH1/MLH3/MOV10L1/MSH4/MSH5/NCAPD3/NCAPH/NSUN2/NUMA1/PKMYT1/PPP2CA/PRDM9/PSMA8/RAB24/RAD21/RAD51AP1/RAD54B/RBBP8/RMI1/RNF212/RPA1/RPL10L/SIRT7/SKA1/SKA3/SLC25A31/SLX4/SMC4/SPATA22/SPIN1/SPIRE2/SPO11/STAG2/STAG3/SYCE1/TEX15/TOP6BL/TUBB8/TUBG1/TUBG2/TUBGCP3/TUBGCP4/UBB/XRCC2/YTHDF2/ZCWPW1/ZNF541/ZWINT",88
"GO:0010948","GO:0010948","negative regulation of cell cycle process","92/3320","318/18860",0.289308176100629,1.64347957869213,5.34900378610088,3.65994825000558e-07,6.17494945982435e-05,5.45685047875857e-05,"ABRAXAS1/APBB2/APC/ATM/BABAM2/BMP7/BRD4/BRSK1/BUB3/CACNB4/CAMSAP3/CCNB1/CCND1/CCNF/CDC14B/CDC45/CDC5L/CDC6/CDC73/CDK1/CDK2AP2/CDT1/CENPF/CEP63/CHFR/CHMP2A/CLOCK/CRY1/DACT1/DMRT1/DNA2/DTL/ERCC6/EZH2/FBXO31/FBXO5/FBXO7/FHL1/FOXO4/FZR1/GEN1/GNB1L/H2AX/HASPIN/HORMAD1/INHBA/INTS3/INTS7/KANK2/KLHL22/KNL1/MAD1L1/MAD2L1/MDM1/MRNIP/NABP2/NAE1/NPM1/NSUN2/NUBP1/PABIR1/PKD2/PKMYT1/PLK3/PPP1R10/PRKDC/PRMT2/RAD21/RAD9A/RBBP8/RBL2/RBM14/SETMAR/SKA1/SKA3/SMARCA5/SPC24/SPDL1/TAOK1/TAOK2/TELO2/TPRA1/TRIAP1/TRIM37/TRIM39/UIMC1/WAC/WAPL/ZFP36L1/ZFYVE19/ZNHIT1/ZWINT",92
"GO:1902850","GO:1902850","microtubule cytoskeleton organization involved in mitosis","57/3320","170/18860",0.335294117647059,1.90471296952516,5.47688334889427,3.72683625317678e-07,6.17494945982435e-05,5.45685047875857e-05,"ABRAXAS1/AFG2B/ARHGEF10/AURKA/BCCIP/CCNB1/CDK1/CENPA/CEP192/CHMP1A/CHMP2A/CHMP2B/CHMP3/CHMP5/CHMP7/CLASP1/DCTN1/DYNC1H1/DYNLT1/EFHC1/EML1/FSD1/GNAI1/GPSM2/HNRNPU/INTS13/KIF11/KIF2A/MAD2L1/MYBL2/NDEL1/NEK6/NUMA1/NUP62/PAFAH1B1/PARP3/PAX6/PCNT/PKD1/PLK3/POC1A/PTPA/RAE1/RAN/RCC1/RHOA/RMDN1/SPAST/SPDL1/SPICE1/STAG1/STAG2/TACC1/TUBG1/TUBG2/UHRF1/VPS4B",57
"GO:0040029","GO:0040029","epigenetic regulation of gene expression","89/3320","305/18860",0.291803278688525,1.65765356507999,5.35204164320267,3.74139823893702e-07,6.17494945982435e-05,5.45685047875857e-05,"ALKBH4/ARID1B/ARID4A/ATAD2/BAP1/BEND3/CBX1/CBX5/CDKN2B-AS1/CTCFL/CTR9/DNMT1/DPY30/DYRK1A/EED/EGR1/EHMT1/EHMT2/EPC1/EZH1/EZH2/GLMN/H1-2/H2AC11/H2AC12/H2AC13/H2AC15/H2AC17/H2AC18/H2AC19/H2AC20/H2AC25/H2AC6/H2AC8/H2AX/H3C12/HDAC4/HDAC5/HDAC7/HMGA2/HNRNPK/HNRNPU/IGF2/ING2/JARID2/KAT7/L3MBTL1/LHX2/MAEL/MBD1/MBD3/MCRIP1/MECP2/MIS18A/MORC1/MOV10L1/NDN/OGG1/PARTICL/PCGF3/PCID2/PPM1D/PRMT3/RBM14/SIRT6/SIRT7/SMARCA4/SMARCA5/SMARCB1/SMCHD1/SPEN/SPIN1/SPTY2D1/STPG4/SUV39H1/SUV39H2/TASOR2/TDRD5/TEX15/TRIM28/TRIM37/UHRF1/UHRF2/USP21/WDR5/YTHDC1/ZCWPW1/ZNF445/ZNHIT1",89
"GO:0032784","GO:0032784","regulation of DNA-templated transcription elongation","40/3320","104/18860",0.384615384615385,2.18489341983318,5.6005246126836,3.75897288011627e-07,6.17494945982435e-05,5.45685047875857e-05,"BRD4/CCNK/CCNT2/CDC73/EAPP/ERCC6/EZH2/GTF2F1/HMGN1/HNRNPU/INTS11/INTS13/INTS2/INTS3/INTS7/KAT7/LARP7/LDB1/MED11/MED15/MED18/MED20/MED25/MED26/MED28/MED4/NELFA/NELFB/NELFCD/NELFE/PARP1/PPP1R10/RECQL5/SETD5/SIRT6/SUPT4H1/SUPT5H/TCEA2/VHL/WDR43",40
"GO:0016236","GO:0016236","macroautophagy","111/3320","403/18860",0.275434243176179,1.56466561033215,5.29622187407111,3.83850939756789e-07,6.17494945982435e-05,5.45685047875857e-05,"ABI2/ADRB2/AFG2B/AKT1/ARMC3/ATG13/ATG16L2/ATG4B/ATG7/ATG9A/ATM/ATP13A2/ATP6V0D1/ATP6V0E2/ATP6V1B2/ATP6V1D/ATP6V1E2/ATP6V1G1/BAG3/BNIP3/BNIP3L/CAPNS1/CDC37/CDK5R1/CHMP1A/CHMP2A/CHMP2B/CHMP3/CHMP5/CHMP7/CSNK2A2/CTSD/DNM1L/EHMT2/EIF2AK1/EIF2S1/ELP6/EMC6/EPHB2/EXOC7/EXOC8/FBXO7/FEZ1/FUNDC1/GAA/HGS/IRGQ/LRBA/LYPLA1/MAP1LC3B/MFSD8/MOAP1/NOD2/NRBP2/OMA1/PACS2/PDCD6IP/PGAM5/PHF23/PINK1/PRKN/RAB1B/RAB33A/RAB33B/RAB3GAP2/RBX1/RETREG1/RETREG2/RETREG3/RIPK2/RNF41/RNF5/RUBCN/SLC25A4/SMURF1/SNX14/SNX32/SNX4/SNX6/SPART/SPATA33/SREBF1/SREBF2/STUB1/STX12/STX17/SUPT5H/TBC1D12/TBC1D25/TBC1D5/TBK1/TEX264/TIGAR/TOMM7/TRIM32/UBE3C/UBQLN1/ULK3/USP36/VPS13C/VPS26B/VPS28/VPS35/VPS37C/VPS4B/VTA1/VTI1B/WAC/WDR45B/WIPI2/ZNRF1",111
"GO:0032886","GO:0032886","regulation of microtubule-based process","82/3320","276/18860",0.297101449275362,1.68775100401606,5.32009075044141,4.71359921007899e-07,7.38826460800329e-05,6.52906643620118e-05,"APC/APC2/AURKA/BBOF1/CAMSAP1/CAMSAP3/CCDC88C/CCNF/CDK11A/CDK11B/CDK2AP2/CDK5R1/CEP120/CEP295/CFAP206/CHMP1A/CHMP2A/CHMP2B/CHMP3/CHMP5/CHMP7/CHORDC1/CKAP2/CLASP1/CLIP3/DCTN1/DIXDC1/DNAAF1/DYNC1H1/DYNLT2B/DYRK1A/EML2/FBXW5/FEZ1/FKBP4/FNTB/FSD1/GBA2/GEN1/GNAI1/GPSM2/HAUS3/HAUS6/HDGFL3/HNRNPU/MAPRE2/MAPRE3/MAPT/MDM1/MECP2/NAT10/NPM1/NUBP1/NUMA1/NUP62/ODAD2/PAFAH1B1/PARP3/PDCD6IP/PKD1/PLK4/POC1A/PPP2CA/RAC1/RAE1/RBM14/RCC1/RHOA/RNF4/ROCK1/SKA1/SKA3/SPAST/SPECC1L/SPICE1/TAOK1/TPPP/TRAF3IP1/TRIM37/TTBK2/TTLL6/VPS4B",82
"GO:0140694","GO:0140694","membraneless organelle assembly","120/3320","446/18860",0.269058295964126,1.52844562104922,5.22031282035756,5.03465741502628e-07,7.69421519451391e-05,6.79943732997759e-05,"ABRAXAS1/ACTA1/ACTG1/AKAP13/ALKBH5/ANLN/ARHGEF10/ARHGEF5/ATXN2/ATXN2L/AURKA/BCCIP/BOP1/C1QBP/C2CD3/CAPRIN1/CDS2/CENPA/CENPF/CENPT/CEP120/CEP192/CEP295/CEP44/CEP63/CEP72/CHMP1A/CHMP2A/CHMP2B/CHMP3/CHMP5/CHMP7/CIRBP/CLASP1/CNOT1/CNOT6L/CNTROB/DAZAP2/DDX3X/DEUP1/DYNC1H1/EIF2A/EIF2S1/EIF4ENIF1/EIF5B/FASTKD2/FBXO5/FITM2/FMR1/FUS/G3BP2/GPSM2/HAUS3/HAUS6/HDAC7/HNRNPU/HSF1/KASH5/KIF11/KIF2A/LCP1/LIAT1/LSM14B/LSM4/MAPRE2/MAPRE3/MAPT/MDM1/MEF2A/MIS12/MLH1/MTERF4/MTG1/MYBL2/NEK6/NOA1/NPM1/NUMA1/NUP62/PAN2/PAN3/PATL1/PLK4/PLS1/PRKDC/PSPC1/PUM2/PWP2/QKI/RBM14/RCC1/RHOA/RNF4/RPL10L/RPL5/RPS15/RPS23/RPSA2/RRP7A/RRP7BP/SIX4/SKA1/SKA3/SMAD4/SPICE1/STAG1/STAG2/TIA1/TMOD3/TRIM37/TUBB/TUBB8/TUBGCP3/TUBGCP4/UHRF1/USP10/VPS4B/WNK3/YTHDF1/YTHDF2",120
"GO:0043484","GO:0043484","regulation of RNA splicing","62/3320","192/18860",0.322916666666667,1.83440010040161,5.37129408017615,5.24652383671581e-07,7.82243907654726e-05,6.91274976380631e-05,"AKAP17A/ATXN7L3/C1QBP/CDK11A/CDK11B/CELF4/CIRBP/CLK1/DAZAP1/DYRK1A/FMR1/FUS/HNRNPA1/HNRNPF/HNRNPH1/HNRNPH2/HNRNPH3/HNRNPK/HNRNPL/HNRNPU/KHDRBS1/KHDRBS3/LARP7/MBNL1/NCL/NOVA1/NPM1/PTBP1/PTBP2/PTBP3/QKI/RBFOX1/RBM12/RBM12B/RBM14/RBM19/RBM23/RBM42/RNPS1/RRP1B/SAP18/SNRNP70/SNW1/SRPK1/SRPK2/SRSF1/SRSF10/SRSF12/SRSF2/SRSF5/SRSF6/SRSF9/SUPT3H/TADA2B/TAF12/TIA1/TMBIM6/TRA2A/U2AF2/UPF1/YTHDC1/ZNF638",62
"GO:0006260","GO:0006260","DNA replication","85/3320","290/18860",0.293103448275862,1.6650394682177,5.27525347417173,5.52205631397685e-07,8.03722148746202e-05,7.10255463742587e-05,"ACTR8/ADRA2A/ASCC1/ATM/BOD1L1/CAMSAP3/CCNE2/CDC34/CDC45/CDC6/CDC7/CDK1/CDT1/CHRAC1/CHTF18/CHTF8/DDX11/DHX9/DNA2/DNAJA3/DTL/DYNLL1/EHMT2/ENDOG/ESCO1/FBXO5/FZR1/GEN1/GMNN/ING5/INO80C/INO80E/KAT7/KCTD13/KIN/LIG3/LRWD1/MCM2/MCM4/MCM6/MEAF6/MMS22L/NFIB/NFIC/NFIX/ORC6/PARP1/PCNA/POLA1/POLA2/POLD3/POLE/POLG2/POLH/POLN/POLRMT/PRIM1/PRKDC/RBBP7/RBBP8/RECQL4/RECQL5/REV1/REV3L/RFC3/RMI1/RNF126/RPA1/RTEL1/SAMHD1/SENP2/SET/SETMAR/SLX4/SMARCA5/TOP1/TOP1MT/TWNK/UPF1/USP37/WAPL/WDHD1/WDR18/WRNIP1/YY1",85
"GO:0070507","GO:0070507","regulation of microtubule cytoskeleton organization","56/3320","168/18860",0.333333333333333,1.89357429718875,5.37725073727094,5.82978992896966e-07,8.28779205483524e-05,7.32398578102137e-05,"APC/APC2/BBOF1/CAMSAP1/CAMSAP3/CCDC88C/CDK2AP2/CDK5R1/CHMP1A/CHMP2A/CHMP2B/CHMP3/CHMP5/CHMP7/CKAP2/CLASP1/CLIP3/DCTN1/DIXDC1/DYNC1H1/DYRK1A/EML2/FKBP4/FSD1/GBA2/GNAI1/GPSM2/HAUS3/HAUS6/HDGFL3/HNRNPU/MAPRE2/MAPRE3/MAPT/MECP2/NUMA1/NUP62/PAFAH1B1/PARP3/PKD1/PPP2CA/RAC1/RAE1/RCC1/RHOA/RNF4/ROCK1/SKA1/SKA3/SPAST/SPECC1L/TAOK1/TPPP/TRAF3IP1/TTBK2/VPS4B",56
"GO:0051298","GO:0051298","centrosome duplication","33/3320","80/18860",0.4125,2.34329819277108,5.56509387788859,5.97631442846352e-07,8.30300229572671e-05,7.33742718824756e-05,"ARHGEF10/BRSK1/C2CD3/CCNF/CEP120/CEP192/CEP295/CEP44/CEP63/CEP72/CHMP1A/CHMP2A/CHMP2B/CHMP3/CHMP5/CHORDC1/CNTROB/DEUP1/FBXW5/GEN1/MDM1/NAT10/NPM1/NUBP1/NUP62/PDCD6IP/PKD2/PLK4/POC1A/RBM14/SPICE1/TRIM37/VPS4B",33
"GO:1903046","GO:1903046","meiotic cell cycle process","70/3320","227/18860",0.308370044052863,1.7517647683244,5.26691573304659,7.09171108891749e-07,9.63369553034503e-05,8.51337106627475e-05,"ANKRD31/ASZ1/ATM/AURKA/BAG6/BRME1/CCNE2/CDC25B/CDC25C/CHFR/CKS2/DMRT1/EHMT2/ERCC4/FANCA/FBXO5/FIGNL1/FZR1/HORMAD1/HSF1/ING2/KASH5/KCTD19/KNL1/LSM14B/M1AP/MAEL/MAJIN/MCMDC2/MEI1/MEIOSIN/MLH1/MLH3/MOV10L1/MSH4/MSH5/NCAPD3/NCAPH/NSUN2/PKMYT1/PRDM9/PSMA8/RAB24/RAD21/RAD51AP1/RAD54B/RMI1/RNF212/RPL10L/SIRT7/SKA1/SKA3/SLC25A31/SLX4/SMC4/SPATA22/SPIRE2/SPO11/STAG3/SYCE1/TEX15/TOP6BL/TUBB8/TUBG1/TUBG2/UBB/YTHDF2/ZCWPW1/ZNF541/ZWINT",70
"GO:0051054","GO:0051054","positive regulation of DNA metabolic process","83/3320","283/18860",0.293286219081272,1.6660777385159,5.21835008165905,7.26048698759521e-07,9.64855585981946e-05,8.52650325408206e-05,"ABRAXAS1/ACD/ACTB/ACTR8/AKT1/ANKRD31/ARID1B/ATM/BABAM2/BCL7A/BCL7B/CCT3/CCT5/CDC7/CDK1/CDT1/CHTF18/CHTF8/DDX11/DHX9/DKC1/DNA2/DPF2/ENDOG/EPC1/EPC2/ERCC2/ERCC6/FUS/H2AX/HNRNPA1/HSF1/HSP90AA1/INO80C/INO80E/KAT7/KCTD13/MAP2K7/MBTD1/MEAF6/MLH1/MORF4L1/MRGBP/MRNIP/NABP2/PARN/PARP1/PARP3/PAXIP1/PCNA/PIAS4/PKIB/PML/PMS2/POLG2/PPP1R10/PRDM9/PRKDC/PTGES3/RAD51AP1/RFC3/RNF126/RTEL1/SETMAR/SHLD2/SIRT6/SLX4/SMARCA4/SMARCA5/SMARCB1/SMARCC1/SMARCD3/SMCHD1/SPIRE2/TFRC/TIGAR/TNKS2/TRIM28/UIMC1/USP1/YEATS4/YY1/ZCWPW1",83
"GO:0045786","GO:0045786","negative regulation of cell cycle","109/3320","399/18860",0.273182957393484,1.55187667965093,5.14995867677792,7.52301205075926e-07,9.78471758857263e-05,8.64683042429934e-05,"ABRAXAS1/APBB2/APC/ATM/BABAM2/BMP2/BMP7/BRD4/BRSK1/BUB3/CACNB4/CAMSAP3/CCNB1/CCND1/CCNF/CDC14B/CDC45/CDC5L/CDC6/CDC73/CDK1/CDK2AP2/CDKN2A/CDT1/CENPF/CEP63/CHFR/CHMP2A/CLOCK/CRY1/DACT1/DMRT1/DNA2/DTL/ERCC6/EZH2/FBXO31/FBXO5/FBXO7/FHL1/FOXC1/FOXO4/FZD3/FZR1/GEN1/GMNN/GNB1L/H2AX/HASPIN/HORMAD1/HOXD10/HPGD/INCA1/INHBA/INTS3/INTS7/IPO5/KANK2/KLHL22/KNL1/MAD1L1/MAD2L1/MDM1/MRNIP/NABP2/NAE1/NPM1/NSUN2/NUBP1/PABIR1/PKD2/PKMYT1/PLK3/PML/PPP1R10/PRKDC/PRMT2/RAD21/RAD9A/RBBP8/RBL2/RBM14/RNF167/SETMAR/SKA1/SKA3/SMARCA5/SPC24/SPDL1/SUV39H1/TAF6/TAOK1/TAOK2/TELO2/THAP5/TP53BP2/TP53I13/TPRA1/TRIAP1/TRIM37/TRIM39/UIMC1/WAC/WAPL/ZBTB17/ZFP36L1/ZFYVE19/ZNHIT1/ZWINT",109
"GO:0006282","GO:0006282","regulation of DNA repair","72/3320","236/18860",0.305084745762712,1.73310189912191,5.23825612451718,7.76738341291971e-07,9.89208641732878e-05,8.7417130866456e-05,"ABRAXAS1/ACTB/ACTR8/ARID1B/ATM/ATXN7L3/BABAM2/BCL7A/BCL7B/C1QBP/DDX11/DEK/DHX9/DPF2/EPC1/EPC2/ERCC6/FIGNL1/FUS/H2AX/HMGA2/HSF1/INO80C/INO80E/KAT7/MBTD1/MEAF6/MORF4L1/MRGBP/MRNIP/OGG1/PARP1/PARP3/PCNA/PIAS4/PML/POLH/PPP4R2/PRKDC/RAD51AP1/RECQL5/RNF126/RTEL1/SENP3/SETMAR/SHLD2/SIRT6/SIRT7/SMARCA4/SMARCB1/SMARCC1/SMARCD3/SMCHD1/SPIRE2/SUPT3H/SUV39H1/TADA2B/TAF12/TAF4/TAF6/TAF7/TEX15/TIGAR/TRIM28/TWIST1/UBE2V1/UIMC1/USP1/XRCC1/YEATS4/YY1/ZCWPW1",72
"GO:1902749","GO:1902749","regulation of cell cycle G2/M phase transition","44/3320","122/18860",0.360655737704918,2.04878530515505,5.37165060556031,8.30164204217976e-07,0.000103567220007847,9.15231513651268e-05,"ABRAXAS1/ATM/AURKA/BABAM2/BRD4/BRSK1/CCNB1/CCND1/CCNQ/CDC14B/CDC25B/CDC25C/CDC6/CDC7/CDK1/CDK10/CENPF/CHFR/DTL/FBXO5/FHL1/FOXO4/FZR1/INTS3/KCNH5/MARK3/MRNIP/NABP2/NAE1/NPM1/PABIR1/PAXIP1/PKMYT1/RAD21/RBBP8/RCC2/SMARCD3/TAOK1/TAOK2/TRIM39/UIMC1/VPS4B/WNT10B/ZFYVE19",44
"GO:0000070","GO:0000070","mitotic sister chromatid segregation","61/3320","192/18860",0.317708333333333,1.80481300200803,5.1808326859667,1.19520424547312e-06,0.000146125671051544,0.00012913238290038,"ABRAXAS1/AKAP8/ANAPC11/ANAPC7/APC/ARHGEF10/ATM/BCCIP/BUB3/CCNB1/CDK1/CDT1/CENPF/CEP192/CHMP1A/CHMP2A/CHMP2B/CHMP3/CHMP5/CHMP7/CLASP1/EML4/FBXO5/GEN1/HASPIN/HNRNPU/KIF11/KIF2A/KLHL22/KNL1/MAD1L1/MAD2L1/MIS12/MYBL2/NCAPD3/NCAPH/NSMCE2/NUMA1/NUP62/RAD21/RAN/RCC1/RHOA/RMDN1/SEH1L/SKA1/SKA3/SMARCA5/SMC4/SPC24/SPDL1/SPICE1/STAG1/STAG2/TENT4A/TUBG1/TUBG2/UHRF1/VPS4B/WAPL/ZWINT",61
"GO:1901988","GO:1901988","negative regulation of cell cycle phase transition","80/3320","274/18860",0.291970802919708,1.65860522381497,5.0758683666035,1.38957716465794e-06,0.000166558533481451,0.000147189061073778,"ABRAXAS1/APBB2/APC/ATM/BABAM2/BRD4/BRSK1/BUB3/CACNB4/CAMSAP3/CCNB1/CCND1/CDC14B/CDC45/CDC5L/CDC6/CDC73/CDK1/CDK2AP2/CDT1/CENPF/CEP63/CHFR/CLOCK/CRY1/DACT1/DNA2/DTL/ERCC6/EZH2/FBXO31/FBXO5/FBXO7/FHL1/FOXO4/FZR1/GEN1/GNB1L/H2AX/HASPIN/HORMAD1/INHBA/INTS3/INTS7/KANK2/KLHL22/KNL1/MAD1L1/MAD2L1/MRNIP/NABP2/NAE1/NSUN2/PABIR1/PKD2/PKMYT1/PLK3/PPP1R10/PRKDC/PRMT2/RAD21/RAD9A/RBBP8/RBL2/SETMAR/SKA1/SKA3/SPC24/SPDL1/TAOK1/TAOK2/TELO2/TPRA1/TRIAP1/TRIM39/UIMC1/WAC/ZFP36L1/ZFYVE19/ZWINT",80
"GO:0007127","GO:0007127","meiosis I","46/3320","132/18860",0.348484848484849,1.97964585615188,5.22051365323833,1.43981916283593e-06,0.000169211315733211,0.000149533345216465,"ANKRD31/ATM/AURKA/BAG6/BRME1/CCNE2/CDC25B/CKS2/DMRT1/EHMT2/ERCC4/FBXO5/HORMAD1/ING2/KASH5/KNL1/M1AP/MAEL/MAJIN/MCMDC2/MEI1/MLH1/MLH3/MOV10L1/MSH4/MSH5/PRDM9/PSMA8/RAD21/RAD51AP1/RAD54B/RMI1/RNF212/RPL10L/SIRT7/SLC25A31/SLX4/SPATA22/SPO11/STAG3/SYCE1/TEX15/TOP6BL/UBB/ZCWPW1/ZWINT",46
"GO:0016072","GO:0016072","rRNA metabolic process","79/3320","270/18860",0.292592592592593,1.66213743864346,5.06516032671449,1.47221845511629e-06,0.000169211315733211,0.000149533345216465,"BOP1/BRF1/BYSL/CDKN2A/CHD7/DDX10/DDX11/DDX51/DDX52/DEDD2/DKC1/ERCC2/ERCC6/ESF1/EXOSC1/EXOSC2/EXOSC5/EXOSC8/FBL/FTSJ3/GEMIN4/GTF2H5/GTF3A/GTF3C1/GTF3C2/HEATR1/KRI1/LYAR/MAK16/MAPT/MPHOSPH10/MPHOSPH6/MTERF4/MYG1/NAT10/NCL/NOB1/NOL7/NOLC1/NOP56/POLR1A/POLR2E/POP4/POP7/PPAN/PRKDC/PWP1/PWP2/RBFA/RIOK2/RPL5/RPP38/RPP40/RPS15/RPS16/RPUSD1/RRP1/RRP1B/RRP7A/RRP7BP/RRP9/SART1/SIRT7/SMARCA4/SMARCB1/SPIN1/SUV39H1/TAF1B/TFB1M/TOP1/TSR3/USP36/UTP18/UTP20/UTP4/WDR12/WDR18/WDR43/YTHDF2",79
"GO:0010506","GO:0010506","regulation of autophagy","103/3320","377/18860",0.273209549071618,1.55202773960564,5.00435614970399,1.49475070335243e-06,0.000169211315733211,0.000149533345216465,"ADRA1A/ADRB2/AKT1/ATG13/ATM/ATP13A2/ATP6V0D1/ATP6V0E2/ATP6V1B2/ATP6V1D/ATP6V1E2/ATP6V1G1/BAG3/BNIP3/BNIP3L/CAPNS1/CDC37/CDK16/CDK5R1/CISD1/CISD2/CPTP/CSNK2A2/DAPK1/DAPK3/DDIT3/DNM1L/DRAM2/EEF1A2/EHMT2/EIF2AK1/ENDOG/ERCC4/EXOC7/EXOC8/FBXO7/FEZ1/FOXK1/FOXK2/FOXO1/FOXO3/GFAP/GPR137/IL10RA/IRGQ/KLHL22/LYPLA1/MAPT/MFSD8/MIR199A1/MLST8/MOAP1/MTDH/NOD2/NPRL2/NPRL3/NRBP2/OMA1/PHF23/PIK3CB/PINK1/PLK3/PRKN/PSAP/PYCARD/RAB3GAP2/RAB8A/RBX1/RIPK2/RNF152/RNF41/RNF5/ROCK1/RPGR/RRAGD/RUBCN/SLC25A4/SNRNP70/SNX32/SNX4/SNX6/SREBF1/SREBF2/STUB1/SUPT5H/SVIP/TBC1D25/TBK1/TIGAR/TOMM7/TPCN2/TRIM32/TRIM8/UBQLN1/ULK3/USP10/USP36/VHL/VPS13C/VPS26B/VPS35/WAC/XPA",103
"GO:0010389","GO:0010389","regulation of G2/M transition of mitotic cell cycle","40/3320","109/18860",0.36697247706422,2.08466895103349,5.24929651714612,1.55172198618872e-06,0.000172466845483121,0.000152410281973598,"ABRAXAS1/ATM/AURKA/BABAM2/BRD4/BRSK1/CCNB1/CCND1/CDC14B/CDC25B/CDC25C/CDC6/CDC7/CDK1/CENPF/CHFR/DTL/FBXO5/FHL1/FOXO4/FZR1/INTS3/KCNH5/MARK3/MRNIP/NABP2/NAE1/PABIR1/PKMYT1/RAD21/RBBP8/RCC2/SMARCD3/TAOK1/TAOK2/TRIM39/UIMC1/VPS4B/WNT10B/ZFYVE19",40
"GO:0034243","GO:0034243","regulation of transcription elongation by RNA polymerase II","36/3320","94/18860",0.382978723404255,2.17559600102538,5.28127808443384,1.5921313710634e-06,0.000173798197701975,0.000153586808201079,"BRD4/CCNK/CCNT2/CDC73/EAPP/ERCC6/EZH2/GTF2F1/HNRNPU/INTS11/INTS13/INTS2/INTS3/INTS7/LARP7/LDB1/MED11/MED15/MED18/MED20/MED25/MED26/MED28/MED4/NELFA/NELFB/NELFCD/NELFE/PARP1/PPP1R10/RECQL5/SIRT6/SUPT4H1/SUPT5H/VHL/WDR43",36
"GO:0072655","GO:0072655","establishment of protein localization to mitochondrion","45/3320","129/18860",0.348837209302326,1.98164752031381,5.17097945146862,1.80654748684169e-06,0.000193744294509882,0.00017121332783881,"AKT1/AP3B1/ATG13/BAG3/BAG4/BAP1/BID/BNIP3L/CALM3/CDKN2A/CHCHD4/COX18/CSNK2A2/DDIT3/FBXO7/GDAP1/GRPEL1/GRPEL2/HSP90AA1/HSPD1/MAPT/MOAP1/MTCH2/MTERF4/MTX2/NPEPPS/OXA1L/PAM16/PINK1/PRKN/ROMO1/SAE1/SREBF1/SREBF2/TIMM13/TIMM29/TIMM8B/TOMM20/TOMM34/TOMM40/TOMM7/UBE2D3/UBE2J2/UBL5/USP36",45
"GO:0048025","GO:0048025","negative regulation of mRNA splicing, via spliceosome","14/3320","22/18860",0.636363636363636,3.61500547645126,5.67243348083439,2.0615918044225e-06,0.000215281826562752,0.000190246211080793,"C1QBP/CELF4/DYRK1A/HNRNPK/NPM1/PTBP1/RBM42/RNPS1/SAP18/SRSF10/SRSF12/SRSF6/SRSF9/U2AF2",14
"GO:0046605","GO:0046605","regulation of centrosome cycle","26/3320","59/18860",0.440677966101695,2.50336940984276,5.34569412280383,2.07780594915792e-06,0.000215281826562752,0.000190246211080793,"AURKA/CCNF/CDK11A/CDK11B/CEP120/CEP295/CHMP1A/CHMP2A/CHMP2B/CHMP3/CHMP5/CHORDC1/FBXW5/GEN1/MDM1/NAT10/NPM1/NUBP1/NUP62/PDCD6IP/PLK4/POC1A/RBM14/SPICE1/TRIM37/VPS4B",26
"GO:0044839","GO:0044839","cell cycle G2/M phase transition","53/3320","162/18860",0.327160493827161,1.85850810650007,5.0723264294598,2.19363009157271e-06,0.000223494345829733,0.000197503677718441,"ABRAXAS1/AKAP8/ATM/AURKA/BABAM2/BRD4/BRSK1/CALM3/CCNB1/CCND1/CCNQ/CDC14B/CDC25B/CDC25C/CDC6/CDC7/CDK1/CDK10/CENPF/CHFR/DNM2/DTL/FBXL15/FBXO5/FHL1/FOXO4/FZR1/INTS3/KCNH5/KDM8/KHDRBS1/MARK3/MRNIP/NABP2/NAE1/NPM1/PABIR1/PAXIP1/PKMYT1/PLK3/PPM1D/PPME1/RAD21/RBBP8/RCC2/SMARCD3/TAOK1/TAOK2/TRIM39/UIMC1/VPS4B/WNT10B/ZFYVE19",53
"GO:0061982","GO:0061982","meiosis I cell cycle process","48/3320","142/18860",0.338028169014085,1.92024435771254,5.08768809815624,2.3207903584417e-06,0.000232573630510723,0.000205527111639738,"ANKRD31/ATM/AURKA/BAG6/BRME1/CCNE2/CDC25B/CDC25C/CKS2/DMRT1/EHMT2/ERCC4/FBXO5/HORMAD1/ING2/KASH5/KNL1/M1AP/MAEL/MAJIN/MCMDC2/MEI1/MLH1/MLH3/MOV10L1/MSH4/MSH5/PKMYT1/PRDM9/PSMA8/RAD21/RAD51AP1/RAD54B/RMI1/RNF212/RPL10L/SIRT7/SLC25A31/SLX4/SPATA22/SPO11/STAG3/SYCE1/TEX15/TOP6BL/UBB/ZCWPW1/ZWINT",48
"GO:0033045","GO:0033045","regulation of sister chromatid segregation","39/3320","107/18860",0.364485981308411,2.07054385767369,5.13291226313727,2.53344773149709e-06,0.000249789773913576,0.000220741150391224,"ACTB/ANAPC1/ANAPC11/ANAPC2/ANAPC7/APC/ARID1B/ATM/BCL7A/BCL7B/BUB3/CCNB1/CDC6/CDK1/CENPF/CHFR/DPF2/FBXO5/GEN1/HASPIN/HNRNPU/KLHL22/KNL1/MAD1L1/MAD2L1/NEK6/NSMCE2/NUMA1/RAD21/RIOK2/SKA1/SKA3/SMARCA4/SMARCB1/SMARCC1/SMARCD3/SPC24/SPDL1/ZWINT",39
"GO:0031507","GO:0031507","heterochromatin formation","53/3320","163/18860",0.325153374233129,1.84710621627615,5.02051850040128,2.70017678621758e-06,0.00026200286816108,0.000231533956004488,"BAP1/BEND3/CBX1/CBX5/CDKN2B-AS1/DNMT1/DYRK1A/EED/EHMT1/EHMT2/EZH1/EZH2/H1-2/H2AC11/H2AC12/H2AC13/H2AC15/H2AC17/H2AC18/H2AC19/H2AC20/H2AC25/H2AC6/H2AC8/H2AX/HMGA2/HNRNPK/HNRNPU/JARID2/L3MBTL1/MAEL/MBD1/MBD3/MECP2/MIS18A/MORC1/MOV10L1/PARTICL/PCGF3/PPM1D/SIRT6/SMARCA4/SMARCA5/SMCHD1/SPEN/SPIN1/SPTY2D1/SUV39H1/TDRD5/TEX15/TRIM28/UHRF1/YTHDC1",53
"GO:0034502","GO:0034502","protein localization to chromosome","43/3320","123/18860",0.349593495934959,1.9859437751004,5.07057886127599,2.84436891842758e-06,0.000271681674974184,0.000240087192259381,"ACD/APLF/ATM/BRD2/BRD3/BUB3/CDK1/CENPA/CHMP7/CTCFL/ERCC6/EZH2/H2AC8/H2AX/H2BC11/H4C14/H4C15/HASPIN/HTATSF1/JARID2/KNL1/LEF1/MIS18A/MMS22L/MRNIP/PARP1/PARP2/PARP3/PIAS4/PML/PRKDC/RAD21/RCC2/RNF4/RPA1/SIRT6/SMC5/SPDL1/SPIN1/SPO11/TNKS2/VCPIP1/WAPL",43
"GO:1901991","GO:1901991","negative regulation of mitotic cell cycle phase transition","60/3320","193/18860",0.310880829015544,1.7660278419377,4.94411780607861,3.20526475199498e-06,0.000297134847968012,0.00026258035761093,"ABRAXAS1/APC/ATM/BABAM2/BRSK1/BUB3/CACNB4/CCNB1/CCND1/CDC14B/CDC6/CDC73/CDK1/CDK2AP2/CENPF/CHFR/DACT1/DTL/EZH2/FBXO31/FBXO5/FBXO7/FHL1/FOXO4/FZR1/GEN1/HASPIN/INHBA/INTS3/KANK2/KLHL22/KNL1/MAD1L1/MAD2L1/MRNIP/NABP2/NAE1/PABIR1/PKD2/PKMYT1/PLK3/PRKDC/PRMT2/RAD21/RBBP8/RBL2/SKA1/SKA3/SPC24/SPDL1/TAOK1/TAOK2/TPRA1/TRIAP1/TRIM39/UIMC1/WAC/ZFP36L1/ZFYVE19/ZWINT",60
"GO:0001701","GO:0001701","in utero embryonic development","113/3320","429/18860",0.263403263403263,1.49632094812818,4.80639730174402,3.23026003387698e-06,0.000297134847968012,0.00026258035761093,"ACVR1B/ADAM10/ADCY9/AKAP3/AKT1/APBA1/ARMC5/B9D1/BAP1/BMP2/BMP7/BMPR1A/BNIP2/BRK1/BTF3/BYSL/C2CD3/CAMSAP3/CCN1/CCNB1/CELF4/CHD7/CITED1/CMIP/CMTM3/CNOT1/CTR9/DAD1/DNAJB6/EIF2S2/ENDOG/ERCC2/FKRP/FOXC1/FUT8/GATA2/GPI/GRB2/GSE1/HCFC1/HEY2/HM13/HORMAD1/HS6ST1/HSF1/IGF2/INPP5K/IWS1/JAG2/KDM4C/KDM8/LEF1/LIG4/MAFF/MAFG/MATR3/MBD3/MBNL1/MDFI/MGAT1/MIB1/MYB/NCKAP1/NCOA1/NDEL1/NPAT/NR2F2/NSUN2/PALB2/PKD1/PKD2/PLK4/PLOD3/POLG2/PPP4R4/PRICKLE2/PTPN18/RBBP8/RIC8A/RPA1/RRP7A/RSPO3/RTCB/RTF1/SCO2/SEC24C/SEC24D/SENP2/SMAD2/SMAD4/SMARCB1/SMG9/SP3/SPINT2/SRSF1/SUV39H1/TAB1/TAF8/TBX3/TEAD4/TENT5C/TRIM28/TTLL4/TWIST1/UNK/VASH1/VASH2/WDTC1/XRCC2/YBX1/YTHDC1/ZFP14/ZFP36L1",113
"GO:0010824","GO:0010824","regulation of centrosome duplication","23/3320","50/18860",0.46,2.61313253012048,5.27914412124542,3.2566718164333e-06,0.000297134847968012,0.00026258035761093,"CCNF/CEP120/CEP295/CHMP1A/CHMP2A/CHMP2B/CHMP3/CHMP5/CHORDC1/FBXW5/GEN1/MDM1/NAT10/NPM1/NUBP1/NUP62/PDCD6IP/PLK4/POC1A/RBM14/SPICE1/TRIM37/VPS4B",23
"GO:0007093","GO:0007093","mitotic cell cycle checkpoint signaling","46/3320","136/18860",0.338235294117647,1.92142097802977,4.98460901344591,3.66449747282179e-06,0.000329427544872935,0.000291117663011168,"ABRAXAS1/APC/ATM/BABAM2/BRSK1/BUB3/CCNB1/CCND1/CDC14B/CDC6/CDK1/CENPF/CHFR/DTL/FBXO31/FOXO4/FZR1/GEN1/HASPIN/INTS3/KLHL22/KNL1/MAD1L1/MAD2L1/MRNIP/NABP2/NAE1/PABIR1/PLK3/PPP1R10/PRKDC/RAD9A/RBBP8/SETMAR/SKA1/SKA3/SPC24/SPDL1/TAOK1/TAOK2/TRIAP1/TRIM39/UIMC1/WAC/ZFYVE19/ZWINT",46
"GO:0000082","GO:0000082","G1/S transition of mitotic cell cycle","72/3320","246/18860",0.292682926829268,1.66265060240964,4.83543066960564,4.15888140668543e-06,0.000368452783174899,0.000325604567187027,"ACTB/ACVR1B/AKT1/APC/APPL2/ARID1B/BCL7A/BCL7B/BID/CACNB4/CACUL1/CCNB1/CCND1/CCND3/CCNE2/CCNF/CCNH/CCNI/CCNJL/CCNP/CDC34/CDC6/CDC7/CDC73/CDK1/CDK10/CDK2AP2/CDKN2A/CDKN2C/CPSF3/CUL2/DACT1/DDX3X/DPF2/EIF4EBP1/EZH2/FBXO31/FBXO7/FHL1/GSPT1/ID2/INHBA/KANK2/KHDRBS1/MEPCE/MYB/PIAS1/PKD1/PKD2/PLK3/PLRG1/POLE/PPP2CA/PPP6C/PRKDC/PRMT2/RBBP8/RBL2/RBX1/RCC1/SENP2/SMARCA4/SMARCB1/SMARCC1/SMARCD3/TFDP1/TMEM14B/TRIAP1/UBE2E2/USP37/USP38/WAC",72
"GO:0140013","GO:0140013","meiotic nuclear division","62/3320","203/18860",0.305418719211823,1.73499910973945,4.86650071047127,4.23104024733336e-06,0.000369490700456412,0.000326521782696463,"ANKRD31/ASZ1/ATM/AURKA/BAG6/BRME1/CCNE2/CDC25B/CHFR/CKS2/DMRT1/EHMT2/ERCC4/FANCA/FBXO5/FIGNL1/FZR1/HORMAD1/HSF1/ING2/KASH5/KCTD19/KNL1/M1AP/MAEL/MAJIN/MCMDC2/MEI1/MEIOSIN/MLH1/MLH3/MOV10L1/MSH4/MSH5/NCAPH/PRDM9/PSMA8/RAB24/RAD21/RAD51AP1/RAD54B/RMI1/RNF212/RPL10L/SIRT7/SKA1/SKA3/SLC25A31/SLX4/SMC4/SPATA22/SPIRE2/SPO11/STAG3/SYCE1/TEX15/TOP6BL/TUBB8/UBB/ZCWPW1/ZNF541/ZWINT",62
"GO:0034244","GO:0034244","negative regulation of transcription elongation by RNA polymerase II","14/3320","23/18860",0.608695652173913,3.4578313253012,5.45146199885667,4.41208305149644e-06,0.00037129512240097,0.000328116364290387,"EAPP/EZH2/HNRNPU/LARP7/NELFA/NELFB/NELFCD/NELFE/PARP1/PPP1R10/RECQL5/SIRT6/SUPT4H1/VHL",14
"GO:0050686","GO:0050686","negative regulation of mRNA processing","14/3320","23/18860",0.608695652173913,3.4578313253012,5.45146199885667,4.41208305149644e-06,0.00037129512240097,0.000328116364290387,"C1QBP/CELF4/DYRK1A/HNRNPK/NPM1/PTBP1/RBM42/RNPS1/SAP18/SRSF10/SRSF12/SRSF6/SRSF9/U2AF2",14
"GO:0048024","GO:0048024","regulation of mRNA splicing, via spliceosome","41/3320","117/18860",0.35042735042735,1.99068067140356,4.96832426501445,4.47922520901601e-06,0.00037129512240097,0.000328116364290387,"C1QBP/CELF4/CIRBP/DAZAP1/DYRK1A/FMR1/HNRNPA1/HNRNPK/HNRNPL/HNRNPU/KHDRBS1/KHDRBS3/LARP7/NCL/NOVA1/NPM1/PTBP1/QKI/RBFOX1/RBM14/RBM19/RBM23/RBM42/RNPS1/SAP18/SNRNP70/SNW1/SRPK1/SRPK2/SRSF1/SRSF10/SRSF12/SRSF2/SRSF5/SRSF6/SRSF9/TIA1/TRA2A/U2AF2/UPF1/YTHDC1",41
"GO:0000086","GO:0000086","G2/M transition of mitotic cell cycle","48/3320","145/18860",0.331034482758621,1.88051516410469,4.91958863998371,4.4946571335959e-06,0.00037129512240097,0.000328116364290387,"ABRAXAS1/ATM/AURKA/BABAM2/BRD4/BRSK1/CALM3/CCNB1/CCND1/CDC14B/CDC25B/CDC25C/CDC6/CDC7/CDK1/CENPF/CHFR/DNM2/DTL/FBXL15/FBXO5/FHL1/FOXO4/FZR1/INTS3/KCNH5/KDM8/KHDRBS1/MARK3/MRNIP/NABP2/NAE1/PABIR1/PKMYT1/PLK3/PPM1D/PPME1/RAD21/RBBP8/RCC2/SMARCD3/TAOK1/TAOK2/TRIM39/UIMC1/VPS4B/WNT10B/ZFYVE19",48
"GO:0034063","GO:0034063","stress granule assembly","19/3320","38/18860",0.5,2.84036144578313,5.24885898430421,5.02849008192952e-06,0.000408814826911046,0.000361272816638827,"ATXN2/ATXN2L/CAPRIN1/CIRBP/DAZAP2/DDX3X/DYNC1H1/EIF2S1/FMR1/G3BP2/HSF1/MAPT/PUM2/QKI/RPS23/TIA1/USP10/YTHDF1/YTHDF2",19
"GO:0032785","GO:0032785","negative regulation of DNA-templated transcription, elongation","15/3320","26/18860",0.576923076923077,3.27734012974977,5.3708887274153,5.08259886229994e-06,0.000408814826911046,0.000361272816638827,"EAPP/EZH2/HNRNPU/LARP7/NELFA/NELFB/NELFCD/NELFE/PARP1/PPP1R10/RECQL5/SIRT6/SUPT4H1/SUPT5H/VHL",15
"GO:0006261","GO:0006261","DNA-templated DNA replication","54/3320","171/18860",0.315789473684211,1.79391249207356,4.82037165031177,5.82959134658978e-06,0.000462808985736407,0.000408987871369771,"ATM/BOD1L1/CAMSAP3/CCNE2/CDC34/CDC45/CDC6/CDC7/CDK1/CDT1/CHRAC1/DDX11/DNA2/DNAJA3/DYNLL1/ENDOG/FBXO5/FZR1/GEN1/GMNN/KAT7/LIG3/LRWD1/MCM2/MCM4/MCM6/MMS22L/ORC6/PARP1/PCNA/POLA1/POLA2/POLD3/POLE/POLG2/POLN/POLRMT/PRIM1/PRKDC/RBBP8/RECQL5/REV3L/RFC3/RNF126/RPA1/RTEL1/SAMHD1/SENP2/SETMAR/TWNK/UPF1/WDHD1/WDR18/WRNIP1",54
"GO:0044784","GO:0044784","metaphase/anaphase transition of cell cycle","36/3320","99/18860",0.363636363636364,2.06571741511501,4.91399299651405,6.45499850488908e-06,0.000505889818722909,0.000447058735858175,"ACTB/ANAPC1/ANAPC11/ANAPC2/ANAPC7/APC/ARID1B/ATM/BCL7A/BCL7B/BUB3/CCNB1/CDC6/CENPF/CHFR/DPF2/FBXO5/GEN1/HASPIN/KLHL22/KNL1/MAD1L1/MAD2L1/NEK6/NSMCE2/RAD21/RIOK2/SKA1/SKA3/SMARCA4/SMARCB1/SMARCC1/SMARCD3/SPC24/SPDL1/ZWINT",36
"GO:0070936","GO:0070936","protein K48-linked ubiquitination","39/3320","111/18860",0.351351351351351,1.99592966460436,4.86411649985321,7.05522609751305e-06,0.00054593160929237,0.000482443975115749,"ANAPC1/ANAPC10/ANAPC11/ANAPC13/ANAPC2/ANAPC7/CDC34/DUSP22/FBXO7/FOXO4/ITCH/KBTBD2/PPIA/PRKN/RBX1/RNF126/RNF152/RNF170/RNF187/RNF216/RNF4/RNF5/SKP1/TCF25/TTC3/UBE2D2/UBE2D3/UBE2D4/UBE2E2/UBE2G1/UBE2G2/UBE2K/UBE2Q2/UBE2R2/UBE2T/UBE3A/UBE3C/USP38/ZNRF1",39
"GO:0007091","GO:0007091","metaphase/anaphase transition of mitotic cell cycle","35/3320","96/18860",0.364583333333333,2.0710968875502,4.86300287782057,8.07235683971237e-06,0.000616828967014522,0.000545096517123735,"ACTB/ANAPC1/ANAPC11/ANAPC2/ANAPC7/APC/ARID1B/ATM/BCL7A/BCL7B/BUB3/CCNB1/CDC6/CENPF/DPF2/FBXO5/GEN1/HASPIN/KLHL22/KNL1/MAD1L1/MAD2L1/NEK6/NSMCE2/RAD21/RIOK2/SKA1/SKA3/SMARCA4/SMARCB1/SMARCC1/SMARCD3/SPC24/SPDL1/ZWINT",35
"GO:0006403","GO:0006403","RNA localization","62/3320","208/18860",0.298076923076923,1.69329240037071,4.64716688331782,1.00122774440694e-05,0.00075561792611847,0.000667745391071657,"ALKBH5/ALYREF/ATM/ATXN2/CAPRIN1/CCT3/CCT5/DDX25/DDX39A/DDX39B/DHX9/DKC1/FBL/FMR1/FXR2/FYTTD1/G3BP2/GLE1/HNRNPA1/HNRNPAB/HNRNPU/HSF1/IWS1/KHDRBS1/KHSRP/MEX3D/NSUN2/NUP107/NUP155/NUP210/NUP214/NUP50/NUP62/NXF1/PARN/PCID2/PRPF6/PUM2/QKI/RAE1/RAN/RANBP2/RBFOX1/RBM33/SEH1L/SENP2/SLBP/SMG6/SMG7/SRSF1/STAU2/THOC3/THOC6/TOMM20/UPF1/UPF2/XPO5/YBX1/YTHDC1/YY1/ZC3H3/ZFP36L1",62
"GO:0072594","GO:0072594","establishment of protein localization to organelle","121/3320","478/18860",0.253138075313808,1.43800725916217,4.48334067185741,1.16911174448571e-05,0.000871558548053797,0.000770203013183653,"ACD/ADAR/AKIRIN2/AKT1/AP3B1/APPL2/ATG13/BAG3/BAG4/BAG6/BAP1/BID/BNIP3L/CABP1/CALM3/CDK1/CDKN2A/CFL1/CHCHD4/COX18/CSNK2A2/CTCFL/DDIT3/EDEM1/EIF4ENIF1/FAM53B/FAM53C/FBXO7/GDAP1/GET1/GNPTAB/GNPTG/GRPEL1/GRPEL2/HACL1/HEATR3/HGS/HSP90AA1/HSPD1/IFT122/IL10RA/ING1/IPO11/IPO5/IPO9/JAK2/LRWD1/LYPLA1/LYSET/MAPT/MOAP1/MTCH2/MTERF4/MTX2/MVB12B/NABP2/NAGPA/NCOA4/NF1/NPEPPS/NPM1/NUP107/NUP155/NUP214/NUP50/NUP62/OXA1L/PAM16/PEX16/PEX5L/PINK1/PML/POLA2/PPP1R10/PRKN/PTPN23/PTTG1IP/RAB10/RAB3GAP2/RAN/RANBP2/ROMO1/SAE1/SEC61B/SEC61G/SGTA/SIRT6/SMURF1/SNAP25-AS1/SPCS1/SPCS3/SREBF1/SREBF2/SRP14/SRP54/SRP68/SRPRB/SUFU/TBK1/TIMM13/TIMM29/TIMM8B/TOMM20/TOMM34/TOMM40/TOMM7/TRAM2/TRIM28/TRIM37/TTC9-DT/UBE2D3/UBE2J2/UBL5/USP36/VPS13C/VPS28/VPS37C/ZDHHC12/ZFAND2A/ZFAND6/ZFYVE16",121
"GO:0000288","GO:0000288","nuclear-transcribed mRNA catabolic process, deadenylation-dependent decay","25/3320","61/18860",0.409836065573771,2.32816511949437,4.80233529634883,1.54577805633742e-05,0.00113847485040851,0.0010060790088933,"CAPRIN1/CNOT1/CNOT4/CNOT6L/CNOT8/CNOT9/DCPS/DHX9/EIF4ENIF1/FMR1/HNRNPU/LSM1/MLH1/PABPC1/PAN2/PAN3/PARN/PATL1/POLR2G/SYNCRIP/TENT4A/TNRC6B/TNRC6C/YBX1/ZFP36L1",25
"GO:0042254","GO:0042254","ribosome biogenesis","86/3320","318/18860",0.270440251572327,1.53629612790786,4.45802806124929,1.61271975040041e-05,0.00116776911919449,0.00103196658023128,"AATF/AFG2B/BOP1/BYSL/C1QBP/CDKN2A/CHD7/DDX10/DDX3X/DDX51/DDX52/DKC1/EIF2A/EIF5B/ERCC2/ESF1/EXOSC1/EXOSC2/EXOSC5/EXOSC8/FASTKD2/FBL/FTSJ3/GEMIN4/GTF2H5/GTF3A/HEATR1/HEATR3/KRI1/LTO1/LYAR/MAK16/MPHOSPH10/MPHOSPH6/MTERF4/MTG1/MYBBP1A/MYG1/NAT10/NOA1/NOB1/NOL7/NOLC1/NOP56/NPM1/POP4/POP7/PPAN/PRKDC/PWP1/PWP2/RAN/RBFA/RIOK2/RPL10L/RPL26L1/RPL5/RPLP0/RPP38/RPP40/RPS15/RPS16/RPS23/RPS5/RPS9/RPSA2/RPUSD1/RRP1/RRP1B/RRP7A/RRP7BP/RRP9/SART1/SIRT7/SUV39H1/TFB1M/TSR3/URB2/USP36/UTP18/UTP20/UTP4/WDR12/WDR18/WDR43/YTHDF2",86
"GO:0045739","GO:0045739","positive regulation of DNA repair","46/3320","143/18860",0.321678321678322,1.82736540567866,4.5903956714301,1.63451997438992e-05,0.00116776911919449,0.00103196658023128,"ABRAXAS1/ACTB/ACTR8/ARID1B/ATM/BABAM2/BCL7A/BCL7B/DDX11/DHX9/DPF2/EPC1/EPC2/ERCC6/FUS/H2AX/INO80C/INO80E/MBTD1/MEAF6/MORF4L1/MRGBP/MRNIP/PARP1/PARP3/PCNA/PIAS4/PRKDC/RAD51AP1/RNF126/SETMAR/SHLD2/SIRT6/SMARCA4/SMARCB1/SMARCC1/SMARCD3/SMCHD1/SPIRE2/TIGAR/TRIM28/UIMC1/USP1/YEATS4/YY1/ZCWPW1",46
"GO:0000209","GO:0000209","protein polyubiquitination","82/3320","300/18860",0.273333333333333,1.55273092369478,4.46054853301827,1.65121051115817e-05,0.00116776911919449,0.00103196658023128,"AKT1/ANAPC1/ANAPC10/ANAPC11/ANAPC13/ANAPC2/ANAPC7/ARK2C/ATM/BLMH/CBFB/CDC34/CDKN2A/CEP63/CHFR/DAW1/DDX3X/DTL/DUSP22/FBXO7/FOXO4/FZR1/H2AX/HECTD2/ITCH/KBTBD2/MARCHF1/NAGK/NOD2/NPEPPS/OTUD4/PARP10/PELI3/PPIA/PRKN/RBX1/RIPK2/RNF111/RNF123/RNF126/RNF144A/RNF152/RNF167/RNF170/RNF187/RNF216/RNF4/RNF41/RNF5/RUSC1/SHARPIN/SKP1/SMURF1/SPSB4/STUB1/TCF25/TNKS2/TRIM3/TRIM32/TRIM8/TTC3/UBE2D2/UBE2D3/UBE2D4/UBE2E2/UBE2G1/UBE2G2/UBE2J2/UBE2K/UBE2Q2/UBE2R2/UBE2S/UBE2T/UBE2V1/UBE3A/UBE3C/UBE3D/UBE4A/USP38/YWHAE/YWHAG/ZNRF1",82
"GO:0051258","GO:0051258","protein polymerization","80/3320","291/18860",0.274914089347079,1.56171076056805,4.46342092272789,1.66196488417995e-05,0.00116776911919449,0.00103196658023128,"ABITRAM/ARHGAP28/ARPC2/ARPC5/BAG4/BLOC1S2/CAMSAP1/CAMSAP3/CAPG/CAPZA1/CAPZA2/CARMIL2/CDC42EP3/CDC42EP4/CDK1/CDK5R1/CEP192/CFL1/CHMP2A/CHMP3/CLASP1/CLIP3/CORO7/CYRIB/DCTN1/DNM2/DYRK1A/EML2/FBXO5/FKBP4/GBA2/GPX4/GRB2/HAUS3/HAUS6/HDGFL3/HSP90AA1/JAK2/KANK1/KANK2/KANK3/KIRREL1/MAPRE3/MAPT/MECP2/MLST8/MTPN/NCKAP1/NDEL1/NUMA1/PCNT/PFN1/PFN2/PINK1/PPP2CA/PRKCE/PRKN/PYCARD/RAC1/RASA1/SKA1/SPTAN1/SPTBN1/SPTBN2/SPTBN4/SSH1/SSH2/SSNA1/SVIL/TMOD3/TPGS2/TPPP/TRIM32/TUBG1/TUBG2/TUBGCP3/TUBGCP4/TWF2/UBE2K/UBE2S",80
"GO:1902099","GO:1902099","regulation of metaphase/anaphase transition of cell cycle","34/3320","95/18860",0.357894736842105,2.03310082435003,4.66587490844868,1.70614747869807e-05,0.00118519085650924,0.00104736230390891,"ACTB/ANAPC11/ANAPC7/APC/ARID1B/ATM/BCL7A/BCL7B/BUB3/CCNB1/CDC6/CENPF/CHFR/DPF2/FBXO5/GEN1/HASPIN/KLHL22/KNL1/MAD1L1/MAD2L1/NEK6/NSMCE2/RAD21/RIOK2/SKA1/SKA3/SMARCA4/SMARCB1/SMARCC1/SMARCD3/SPC24/SPDL1/ZWINT",34
"GO:0031122","GO:0031122","cytoplasmic microtubule organization","26/3320","65/18860",0.4,2.27228915662651,4.74924095188879,1.7629192967116e-05,0.00121086805177505,0.0010700534394706,"CCDC88C/CEP120/CLASP1/CLIP3/CLIP4/CRIPT/DYNC1H1/FSD1/HOOK1/HOOK3/IFT172/KANK1/KATNA1/MAPT/NUMA1/PAFAH1B1/PLK3/PPFIBP1/RHOA/SLK/TBCB/TPPP/TUBG1/TUBG2/TUBGCP3/TUBGCP4",26
"GO:0035519","GO:0035519","protein K29-linked ubiquitination","9/3320","12/18860",0.75,4.2605421686747,5.22216599749697,2.11436760085685e-05,0.00143514732119842,0.0012682507602246,"AKT1/ITCH/PRKN/RNF126/RNF167/UBE2D4/UBE2S/UBE2T/UBE3C",9
"GO:0030071","GO:0030071","regulation of mitotic metaphase/anaphase transition","33/3320","92/18860",0.358695652173913,2.03765060240964,4.61146507342495,2.13948865656265e-05,0.00143514732119842,0.0012682507602246,"ACTB/ANAPC11/ANAPC7/APC/ARID1B/ATM/BCL7A/BCL7B/BUB3/CCNB1/CDC6/CENPF/DPF2/FBXO5/GEN1/HASPIN/KLHL22/KNL1/MAD1L1/MAD2L1/NEK6/NSMCE2/RAD21/RIOK2/SKA1/SKA3/SMARCA4/SMARCB1/SMARCC1/SMARCD3/SPC24/SPDL1/ZWINT",33
"GO:0071168","GO:0071168","protein localization to chromatin","25/3320","62/18860",0.403225806451613,2.29061406917995,4.70477958709475,2.15988145837159e-05,0.00143514732119842,0.0012682507602246,"APLF/BRD2/BRD3/CENPA/CHMP7/ERCC6/EZH2/H2AC8/H2BC11/H4C14/H4C15/JARID2/LEF1/MMS22L/MRNIP/PARP1/PARP2/PIAS4/PRKDC/RAD21/RNF4/SIRT6/SPIN1/VCPIP1/WAPL",25
"GO:0044843","GO:0044843","cell cycle G1/S phase transition","76/3320","275/18860",0.276363636363636,1.5699452354874,4.40069283864524,2.19185583393289e-05,0.00144073276482062,0.00127318665984647,"ACTB/ACVR1B/AKT1/APC/APPL2/ARID1B/BCL7A/BCL7B/BID/CACNB4/CACUL1/CCNB1/CCND1/CCND3/CCNE2/CCNF/CCNH/CCNI/CCNJL/CCNP/CDC34/CDC6/CDC7/CDC73/CDK1/CDK10/CDK2AP2/CDKN2A/CDKN2C/CPSF3/CUL2/DACT1/DDX3X/DPF2/EIF4EBP1/EZH2/FBXO31/FBXO7/FHL1/GSPT1/ID2/INHBA/KANK2/KHDRBS1/MAP3K11/MEPCE/MYB/NPAT/PIAS1/PKD1/PKD2/PLK3/PLRG1/POLE/PPP2CA/PPP6C/PRKDC/PRMT2/RASSF1/RBBP8/RBL2/RBX1/RCC1/SENP2/SMARCA4/SMARCB1/SMARCC1/SMARCD3/TFDP1/TMEM14B/TRIAP1/TRIM39/UBE2E2/USP37/USP38/WAC",76
"GO:0018193","GO:0018193","peptidyl-amino acid modification","104/3320","404/18860",0.257425742574257,1.46236430872003,4.34219236016292,2.23703427737072e-05,0.00145478622740077,0.00128560581315415,"ABI1/ABI2/ACVR1B/AKT1/ALK/ANTKMT/ARAF/ARL2BP/ATM/ATPSCKMT/AURKA/BAG6/BRSK1/CDK1/CDK10/CDK5R1/CDKN2A/CEP41/CLIP3/CNOT9/DDR1/DIP2A/DYRK1A/EEF1AKMT1/EFEMP1/EGLN2/EGR1/EHMT1/EHMT2/EPHB2/ERCC6/ESCO1/FLT4/GADD45A/GOLGA7/HDAC4/HDAC7/HINT1/IGF1R/JAK2/KAT7/KIT/LIPT2/MAP2K2/MAP4K1/MORC3/NEK6/NNAT/NOS2/NRG1/NSMCE2/NSMCE3/NSMCE4A/NTMT1/P4HB/PARD3/PDCL3/PFN2/PIAS1/PIAS4/PLOD3/PML/PPIA/PRKCE/PRKDC/PTK2/PTPN2/QPCTL/RANBP2/RELA/RIPK2/RNF212/ROCK1/SAE1/SENP1/SENP2/SENP3/SENP7/SETD6/SIRT5/SMC5/SMC6/SNX6/SOCS4/SRCIN1/SRPK2/TBK1/TOLLIP/TOP1/TRIM28/TTBK2/TTLL4/TTLL6/TTLL7/UBA2/UBE2I/UBE2K/UHRF2/VKORC1L1/WNK3/ZDHHC12/ZDHHC14/ZDHHC9/ZFYVE28",104
"GO:1902410","GO:1902410","mitotic cytokinetic process","18/3320","38/18860",0.473684210526316,2.69086873811034,4.82249374852173,2.30509399191514e-05,0.00148326732342918,0.00131077477745246,"ARF1/CEP55/CHMP1A/CHMP2A/CHMP2B/CHMP3/CHMP5/CHMP7/CNTROB/EXOC7/IQGAP2/MITD1/NUP62/PDCD6IP/RHOA/SPART/VPS4B/ZFYVE19",18
"GO:0070192","GO:0070192","chromosome organization involved in meiotic cell cycle","26/3320","66/18860",0.393939393939394,2.23786053304126,4.65625694483662,2.42502835721143e-05,0.00154418732787848,0.00136461025539573,"ANKRD31/ATM/BAG6/CCNE2/EHMT2/HORMAD1/KASH5/MAEL/MAJIN/MCMDC2/MLH1/MLH3/MSH4/MSH5/NCAPD3/NCAPH/PRDM9/RNF212/SIRT7/SMC4/SPATA22/SPO11/STAG3/SYCE1/TEX15/ZCWPW1",26
"GO:0006284","GO:0006284","base-excision repair","22/3320","52/18860",0.423076923076923,2.4033827618165,4.68391889395798,2.73852655624112e-05,0.00170822579982673,0.00150957231864978,"APEX2/DCAF1/DNA2/ERCC6/HMGA1/HMGA2/LIG3/LIG4/MBD4/MPG/NEIL2/NEIL3/OGG1/PARP1/PARP2/PCNA/POLE/RBX1/RPA1/SIRT6/XPA/XRCC1",22
"GO:0032506","GO:0032506","cytokinetic process","22/3320","52/18860",0.423076923076923,2.4033827618165,4.68391889395798,2.73852655624112e-05,0.00170822579982673,0.00150957231864978,"ALKBH4/ANLN/ARF1/CEP55/CHMP1A/CHMP2A/CHMP2B/CHMP3/CHMP5/CHMP7/CNTROB/EXOC7/IQGAP2/MITD1/NUP62/PDCD6IP/RHOA/SPART/SPAST/SPIRE2/VPS4B/ZFYVE19",22
"GO:0045132","GO:0045132","meiotic chromosome segregation","34/3320","97/18860",0.350515463917526,1.99118121972426,4.52366730889793,2.8187176537563e-05,0.00172286900247963,0.00152251262980971,"ANKRD31/ATM/AURKA/BAG6/CCNE2/CHFR/EHMT2/FBXO5/HORMAD1/KASH5/KNL1/M1AP/MAEL/MAJIN/MCMDC2/MLH1/MLH3/MSH4/MSH5/NCAPH/PRDM9/RNF212/SIRT7/SKA1/SKA3/SMC4/SPATA22/SPO11/STAG3/SYCE1/TEX15/TUBB8/ZCWPW1/ZWINT",34
"GO:2001251","GO:2001251","negative regulation of chromosome organization","34/3320","97/18860",0.350515463917526,1.99118121972426,4.52366730889793,2.8187176537563e-05,0.00172286900247963,0.00152251262980971,"ACD/APC/ATM/BUB3/CCNB1/CENPF/ERCC4/FBXO5/GEN1/HASPIN/HNRNPA1/HNRNPU/KLHL22/KNL1/MAD1L1/MAD2L1/NAT10/PARP1/PARP3/PML/RAD21/RTEL1/SETMAR/SKA1/SKA3/SLX4/SMARCA5/SMG6/SPC24/SPDL1/TNKS2/WAPL/XRCC1/ZWINT",34
"GO:0000422","GO:0000422","autophagy of mitochondrion","39/3320","117/18860",0.333333333333333,1.89357429718875,4.48132984872542,2.84655274415904e-05,0.00172286900247963,0.00152251262980971,"ABI2/ATG13/ATG4B/ATG7/ATG9A/ATP13A2/BNIP3/BNIP3L/CDC37/CDKN2A/CISD2/CSNK2A2/DNM1L/EIF2AK1/EIF2S1/FBXO7/FUNDC1/FUNDC2/LRBA/MAP1LC3B/NOD2/OMA1/PINK1/PRKN/RBX1/RETREG1/RNF41/SLC25A4/SPATA33/SREBF1/SREBF2/STUB1/TIGAR/TOMM7/ULK3/USP36/VPS13C/WDR45B/WIPI2",39
"GO:0090068","GO:0090068","positive regulation of cell cycle process","76/3320","278/18860",0.273381294964029,1.55300338042819,4.29345406742295,3.28233226544017e-05,0.00196714677829763,0.00173838278495758,"AKT1/ANAPC11/ANAPC7/ANKRD31/AURKA/BRD4/CCNB1/CCND1/CCND3/CCNE2/CDC14A/CDC14B/CDC25B/CDC25C/CDC42/CDC6/CDC7/CDC73/CDK1/CDK10/CEP120/CEP295/CHMP3/CPSF3/DDX11/DDX3X/DMRT1/DTL/DYNC1H1/EXOC7/EZH2/FBXO5/GEN1/GPSM2/HNRNPU/IGF2/KNL1/LEF1/MAD1L1/MAD2L1/MEIOSIN/MEPCE/NCAPD3/NCAPH/NEUROG1/NPM1/NSMCE2/NUMA1/NUP62/PLK4/PLRG1/PLSCR1/POC1A/PPP1R10/PRDM9/PRKCE/RAD18/RAD21/RAD51AP1/RANBP1/RCC2/RHOA/RXFP3/SKA1/SKA3/SMARCD3/SMC4/SMC5/SMC6/SPAST/SVIL/TFDP1/TMOD3/UBE2E2/VPS4B/WNT10B",76
"GO:0006289","GO:0006289","nucleotide-excision repair","31/3320","86/18860",0.36046511627907,2.04770243765761,4.50102720713018,3.36416694381685e-05,0.00199661675024781,0.00176442562653736,"ACTB/ARID1B/BCL7A/BCL7B/DPF2/ELOF1/ERCC2/ERCC4/ERCC6/FAN1/FANCC/GTF2H5/HMGN1/KAT7/LIG4/OGG1/POLD3/POLE/POLR2I/RAD23B/RBX1/RNF111/RPA1/SLX4/SMARCA4/SMARCB1/SMARCC1/SMARCD3/USP45/UVSSA/XPA",31
"GO:2000779","GO:2000779","regulation of double-strand break repair","47/3320","151/18860",0.311258278145695,1.76817202585175,4.38050861368631,3.43643605759631e-05,0.00201989746346983,0.00178499897242756,"ACTB/ARID1B/ATM/BCL7A/BCL7B/C1QBP/DDX11/DEK/DPF2/EPC1/EPC2/ERCC6/FIGNL1/FUS/H2AX/HMGA2/HSF1/MBTD1/MEAF6/MORF4L1/MRGBP/MRNIP/OGG1/PARP1/PARP3/PIAS4/PML/PPP4R2/PRKDC/RAD51AP1/RECQL5/RNF126/RTEL1/SENP3/SETMAR/SHLD2/SIRT6/SMARCA4/SMARCB1/SMARCC1/SMARCD3/SMCHD1/SPIRE2/TEX15/TWIST1/YEATS4/ZCWPW1",47
"GO:0090150","GO:0090150","establishment of protein localization to membrane","77/3320","283/18860",0.27208480565371,1.54563838392439,4.27477446048916,3.48879421893274e-05,0.00203114276765103,0.00179493653449252,"AKAP5/AKT1/AKT2/ANKRD13C/AP3B1/ATP13A1/ATP2C1/BAG6/BID/C2CD5/CALM3/CCDC47/CDK5R1/CLSTN1/COX18/CSK/EMC10/EMC6/FRMPD1/GET1/GOLGA4/GOLGA7/GRIPAP1/ICMT/INPP5K/ITGB1BP1/LYPLA1/LYPLAL1/MOAP1/MTCH2/MTX2/MYO1C/NACAD/NOMO1/NOMO2/NOMO3/NSF/NSG1/OXA1L/PARD3/PEX16/PHAF1/RAB10/RAB3GAP2/RAB3IP/RAB5IF/RAB8A/RILPL1/ROMO1/SEC61B/SEC61G/SGTA/SIL1/SNAP25-AS1/SPTBN1/SRP14/SRP54/SRP68/SRPRB/STX3/TAOK2/TIMM13/TIMM29/TIMM8B/TOMM20/TOMM40/TOMM7/TRAM2/TTC9-DT/VAMP3/VPS35/VPS37C/WDR44/ZDHHC11B/ZDHHC12/ZDHHC14/ZDHHC9",77
"GO:0006352","GO:0006352","DNA-templated transcription initiation","66/3320","234/18860",0.282051282051282,1.60225517454433,4.28480965953705,3.73285005274965e-05,0.00215272758230742,0.00190238197325831,"ARID1B/ARMC5/ATAD2/BRF1/CCNH/CTCFL/DPY30/EGR1/ELOB/ERCC2/ERCC6/FOXO1/GTF2A1/GTF2A1L/GTF2F1/GTF2F2/GTF2H5/GTF3C1/HEY2/INTS11/INTS13/INTS2/INTS3/INTS7/KAT7/MAZ/MED11/MED15/MED18/MED20/MED25/MED26/MED28/MED4/MORC1/NFKBIZ/OGG1/PAXIP1/POLR2G/POLR2I/POLR3H/POLRMT/PPM1D/PPP2CA/PRMT3/RBM14/RBX1/SIRT7/SMARCA4/SMARCA5/SMARCB1/TAF12/TAF1B/TAF4/TAF4B/TAF6/TAF7/TAF8/TFAM/TFB1M/TWIST1/USP21/WDR5/WNT10B/XPA/ZNHIT1",66
"GO:0051304","GO:0051304","chromosome separation","30/3320","83/18860",0.36144578313253,2.05327333430106,4.4449808802667,4.21836078795206e-05,0.00240580869267482,0.00212603170306718,"ANAPC11/ANAPC7/APC/ATM/BUB3/CCNB1/CENPF/CHFR/CSNK2A2/FBXO5/GEN1/HASPIN/KLHL22/KNL1/M1AP/MAD1L1/MAD2L1/NCAPD3/NCAPH/NSMCE2/NUMA1/PLSCR1/RAD21/RECQL5/SKA1/SKA3/SMC4/SPC24/SPDL1/ZWINT",30
"GO:0045787","GO:0045787","positive regulation of cell cycle","91/3320","349/18860",0.260744985673352,1.48122000897573,4.1941534405432,4.25040632764405e-05,0.00240580869267482,0.00212603170306718,"AKT1/ANAPC11/ANAPC7/ANKRD31/AURKA/BRD4/CCNB1/CCND1/CCND3/CCNE2/CDC14A/CDC14B/CDC25B/CDC25C/CDC42/CDC6/CDC7/CDC73/CDK1/CDK10/CEP120/CEP295/CHMP3/CPSF3/DDX11/DDX3X/DMRT1/DTL/DUSP3/DYNC1H1/EIF4EBP1/EXOC7/EZH2/FBXO5/FNTB/FOXA1/GEN1/GPSM2/HCFC1/HNRNPU/HSF1/IGF2/KNL1/LEF1/MAD1L1/MAD2L1/MEIOSIN/MEIS2/MEPCE/NCAPD3/NCAPH/NEUROG1/NPM1/NR4A3/NSMCE2/NUMA1/NUP62/PAFAH1B1/PLK4/PLRG1/PLSCR1/POC1A/PPP1R10/PRDM9/PRKCA/PRKCE/RAD18/RAD21/RAD51AP1/RANBP1/RCC2/RHOA/RXFP3/SKA1/SKA3/SLC6A4/SMARCD3/SMC4/SMC5/SMC6/SPAST/SRPK2/STAT5B/SVIL/TBX3/TFDP1/TMOD3/TRIM32/UBE2E2/VPS4B/WNT10B",91
"GO:0009303","GO:0009303","rRNA transcription","19/3320","43/18860",0.441860465116279,2.51008685906416,4.5820922504506,4.63604912497162e-05,0.00257786442979992,0.002278078685413,"BRF1/CDKN2A/DDX11/ERCC2/ERCC6/GTF2H5/GTF3A/GTF3C1/GTF3C2/NCL/POLR1A/POLR2E/PWP1/SIRT7/SMARCA4/SMARCB1/SPIN1/TAF1B/TOP1",19
"GO:0051168","GO:0051168","nuclear export","52/3320","174/18860",0.298850574712644,1.69768730092785,4.27346483786735,4.63872218678212e-05,0.00257786442979992,0.002278078685413,"ADAR/ALKBH5/ALYREF/BAG3/CCHCR1/CDKN2A/CTDSPL2/DDX25/DDX39A/DDX39B/DHX9/EIF4ENIF1/EMD/FMR1/FYTTD1/GLE1/HNRNPA1/IWS1/KHDRBS1/NEMF/NPM1/NSUN2/NUP107/NUP155/NUP214/NUP62/NXF1/PCID2/PKD1/PPM1A/RAE1/RAN/RANBP2/RANBP3/RBM33/RIOK2/RPS15/SIRT6/SIRT7/SMG6/SMG7/SMURF1/THOC3/THOC6/TXN/UBE2I/UPF1/UPF2/XPO5/XPO7/YTHDC1/YWHAE",52
"GO:1902459","GO:1902459","positive regulation of stem cell population maintenance","21/3320","50/18860",0.42,2.38590361445783,4.53551384171231,4.72884129010288e-05,0.00260427088345936,0.00230141427224352,"ACTB/ARID4A/BCL7A/BCL7B/BICRA/DPF2/ING1/ING2/LBH/RBBP7/SAP130/SAP30/SINHCAF/SIRT6/SMARCA4/SMARCB1/SMARCC1/SS18/SUDS3/TEAD4/ZNF322",21
"GO:0051984","GO:0051984","positive regulation of chromosome segregation","15/3320","30/18860",0.5,2.84036144578313,4.66274278521965,5.01479577213382e-05,0.00273709344241554,0.00241879059234875,"CCNB1/CDC6/CDK1/HNRNPU/MAD1L1/NCAPD3/NCAPH/NUMA1/RAD18/RCC2/SKA1/SKA3/SMC4/SMC5/SMC6",15
"GO:1905818","GO:1905818","regulation of chromosome separation","28/3320","76/18860",0.368421052631579,2.09289790741915,4.41260665500729,5.06267350885826e-05,0.00273877196103102,0.0024202739121994,"ANAPC11/ANAPC7/APC/ATM/BUB3/CCNB1/CENPF/CHFR/CSNK2A2/FBXO5/GEN1/HASPIN/KLHL22/KNL1/MAD1L1/MAD2L1/NCAPD3/NCAPH/NSMCE2/NUMA1/PLSCR1/RAD21/SKA1/SKA3/SMC4/SPC24/SPDL1/ZWINT",28
"GO:0006364","GO:0006364","rRNA processing","63/3320","223/18860",0.282511210762332,1.60486790210168,4.19979249037438,5.25166020782838e-05,0.00280034166934423,0.00247468353845981,"BOP1/BYSL/CDKN2A/CHD7/DDX10/DDX51/DDX52/DKC1/ERCC2/ESF1/EXOSC1/EXOSC2/EXOSC5/EXOSC8/FBL/FTSJ3/GEMIN4/GTF2H5/HEATR1/KRI1/LYAR/MAK16/MPHOSPH10/MPHOSPH6/MTERF4/MYG1/NAT10/NOB1/NOL7/NOLC1/NOP56/POP4/POP7/PPAN/PRKDC/PWP1/PWP2/RBFA/RIOK2/RPL5/RPP38/RPP40/RPS15/RPS16/RPUSD1/RRP1/RRP1B/RRP7A/RRP7BP/RRP9/SART1/SIRT7/SUV39H1/TFB1M/TSR3/USP36/UTP18/UTP20/UTP4/WDR12/WDR18/WDR43/YTHDF2",63
"GO:0050000","GO:0050000","chromosome localization","40/3320","124/18860",0.32258064516129,1.83249125534396,4.29887630384194,5.26810554514292e-05,0.00280034166934423,0.00247468353845981,"ABRAXAS1/APC/ATM/BUB3/CCNB1/CDC42/CDK1/CDT1/CENPF/CHMP1A/CHMP2A/CHMP2B/CHMP3/CHMP5/CHMP7/DSN1/DYNC1H1/EML4/HNRNPU/KASH5/KNL1/MAD1L1/MAJIN/MIS12/MLH1/NDEL1/NUMA1/NUP62/RAB24/RCC2/RMDN1/SEH1L/SKA1/SKA3/SPC24/SPDL1/SPICE1/SPO11/VPS4B/ZWINT",40
"GO:0007129","GO:0007129","homologous chromosome pairing at meiosis","22/3320","54/18860",0.407407407407407,2.31436858545292,4.47062970486391,5.50576546730771e-05,0.00287664481210701,0.00254211321441504,"ANKRD31/BAG6/CCNE2/EHMT2/HORMAD1/KASH5/MAEL/MAJIN/MCMDC2/MLH1/MLH3/MSH4/MSH5/PRDM9/RNF212/SIRT7/SPATA22/SPO11/STAG3/SYCE1/TEX15/ZCWPW1",22
"GO:1903146","GO:1903146","regulation of autophagy of mitochondrion","22/3320","54/18860",0.407407407407407,2.31436858545292,4.47062970486391,5.50576546730771e-05,0.00287664481210701,0.00254211321441504,"ATP13A2/BNIP3/BNIP3L/CDC37/CSNK2A2/DNM1L/EIF2AK1/FBXO7/NOD2/OMA1/PINK1/PRKN/RBX1/RNF41/SLC25A4/SREBF1/SREBF2/STUB1/TIGAR/TOMM7/USP36/VPS13C",22
"GO:0051310","GO:0051310","metaphase chromosome alignment","35/3320","104/18860",0.336538461538462,1.91178174235403,4.30963325812732,5.72870433787043e-05,0.00295308298777576,0.00260966221999108,"ABRAXAS1/APC/BUB3/CCNB1/CDC42/CDK1/CDT1/CENPF/CHMP1A/CHMP2A/CHMP2B/CHMP3/CHMP5/CHMP7/DSN1/DYNC1H1/EML4/HNRNPU/KNL1/MAD1L1/MIS12/MLH1/NUMA1/NUP62/RAB24/RCC2/RMDN1/SEH1L/SKA1/SKA3/SPC24/SPDL1/SPICE1/VPS4B/ZWINT",35
"GO:2000781","GO:2000781","positive regulation of double-strand break repair","34/3320","100/18860",0.34,1.93144578313253,4.3166220887791,5.74868109840202e-05,0.00295308298777576,0.00260966221999108,"ACTB/ARID1B/ATM/BCL7A/BCL7B/DDX11/DPF2/EPC1/EPC2/ERCC6/FUS/H2AX/MBTD1/MEAF6/MORF4L1/MRGBP/MRNIP/PARP1/PARP3/PIAS4/PRKDC/RAD51AP1/RNF126/SETMAR/SHLD2/SIRT6/SMARCA4/SMARCB1/SMARCC1/SMARCD3/SMCHD1/SPIRE2/YEATS4/ZCWPW1",34
"GO:1902115","GO:1902115","regulation of organelle assembly","66/3320","238/18860",0.277310924369748,1.57532651614863,4.12850269923629,6.57566690458395e-05,0.00334975431564348,0.00296020373283551,"AKT1/ARF4/ARHGAP35/ARHGEF5/ATM/CAPRIN1/CBLN1/CDK10/CEP120/CEP295/CHMP1A/CHMP2A/CHMP2B/CHMP3/CHMP5/CHMP7/CNOT1/CNOT6L/CNTROB/CRIPT/DYNC1H1/DYNLT2B/EHMT2/EPHB2/FEZ1/G3BP2/GPSM2/HNRNPU/HSF1/IFT140/LCP1/LRFN4/MDM1/MOAP1/MPHOSPH9/NPM1/NUMA1/NUP62/PAN2/PAN3/PDCD6IP/PHF23/PINK1/PLK4/RAB1B/RAB3GAP2/RBM14/RCC1/RHOA/RNF4/RNF5/SEPTIN9/SMAD4/SNX4/SPICE1/SPTBN2/TAPT1/TBC1D12/TBC1D7/TRIM32/TRIM37/TTBK2/USP10/VPS4B/WDR44/ZMYND10",66
"GO:0060236","GO:0060236","regulation of mitotic spindle organization","19/3320","44/18860",0.431818181818182,2.45303943044907,4.46008310090189,6.81991663801331e-05,0.00344546697588226,0.00304478574913304,"CHMP1A/CHMP2A/CHMP2B/CHMP3/CHMP5/CHMP7/DCTN1/DYNC1H1/FSD1/GNAI1/GPSM2/HNRNPU/NUMA1/NUP62/PARP3/PKD1/RAE1/RCC1/VPS4B",19
"GO:2001252","GO:2001252","positive regulation of chromosome organization","35/3320","105/18860",0.333333333333333,1.89357429718875,4.24394403669852,7.15437144289813e-05,0.00358480923200297,0.00316792357592349,"ACD/ACTR8/ATM/CCT3/CCT5/CDK1/DDX11/DKC1/HNRNPA1/HSP90AA1/INO80C/INO80E/LIG4/MAD1L1/MAP2K7/NABP2/NCAPD3/NCAPH/NSMCE2/NUMA1/PARN/PKIB/PML/PPP1R10/PTGES3/RAD21/RTEL1/SIRT6/SKA1/SKA3/SLX4/SMC4/SMC5/TNKS2/YY1",35
"GO:0006367","GO:0006367","transcription initiation at RNA polymerase II promoter","55/3320","190/18860",0.289473684210526,1.64441978440076,4.12644795241801,7.4834115348708e-05,0.0037191946920866,0.00328668104381317,"ARID1B/ARMC5/ATAD2/CCNH/CTCFL/DPY30/EGR1/ELOB/ERCC2/ERCC6/FOXO1/GTF2A1/GTF2A1L/GTF2F1/GTF2F2/GTF2H5/HEY2/INTS11/INTS13/INTS2/INTS3/INTS7/KAT7/MAZ/MED11/MED15/MED18/MED20/MED25/MED26/MED28/MED4/OGG1/PAXIP1/POLR2G/POLR2I/PPM1D/PPP2CA/PRMT3/RBM14/RBX1/SIRT7/SMARCA4/SMARCB1/TAF12/TAF4/TAF4B/TAF6/TAF7/TAF8/USP21/WDR5/WNT10B/XPA/ZNHIT1",55
"GO:0045930","GO:0045930","negative regulation of mitotic cell cycle","67/3320","244/18860",0.274590163934426,1.55987063006123,4.06857455416413,8.06152594123343e-05,0.00397420226441613,0.00351203320292105,"ABRAXAS1/APC/ATM/BABAM2/BMP7/BRSK1/BUB3/CACNB4/CCNB1/CCND1/CDC14B/CDC6/CDC73/CDK1/CDK2AP2/CENPF/CHFR/DACT1/DTL/EZH2/FBXO31/FBXO5/FBXO7/FHL1/FOXC1/FOXO4/FZD3/FZR1/GEN1/HASPIN/INHBA/INTS3/KANK2/KLHL22/KNL1/MAD1L1/MAD2L1/MRNIP/NABP2/NAE1/PABIR1/PKD2/PKMYT1/PLK3/PML/PPP1R10/PRKDC/PRMT2/RAD21/RAD9A/RBBP8/RBL2/SETMAR/SKA1/SKA3/SPC24/SPDL1/TAOK1/TAOK2/TPRA1/TRIAP1/TRIM39/UIMC1/WAC/ZFP36L1/ZFYVE19/ZWINT",67
"GO:0090224","GO:0090224","regulation of spindle organization","20/3320","48/18860",0.416666666666667,2.36696787148594,4.38292769102243,8.15734987195308e-05,0.00398927038137993,0.00352534901413585,"CHMP1A/CHMP2A/CHMP2B/CHMP3/CHMP5/CHMP7/DCTN1/DYNC1H1/FSD1/GNAI1/GPSM2/HNRNPU/NUMA1/NUP62/PARP3/PKD1/RAE1/RCC1/RNF4/VPS4B",20
"GO:0007005","GO:0007005","mitochondrion organization","104/3320","417/18860",0.249400479616307,1.41677501372396,3.9779267683106,8.77598042584761e-05,0.0042577435193021,0.00376260079744778,"ACAD9/AFG3L2/AKT1/AP3B1/ATAD3A/ATP13A2/ATP5F1D/ATPAF1/ATPAF2/AURKA/BID/BLOC1S2/BNIP3/BNIP3L/CALM3/CHCHD4/CLN8/CNTNAP1/COA4/COX17/COX18/COX7A2L/CYRIB/DAP3/DNAJA3/DNAJC11/DNM1L/EIF2S1/ENDOG/FASTKD3/FEZ1/FMC1/FUNDC1/GABPB1/GCLM/GDAP1/HRK/HSD17B10/HSPD1/IMMT/LETM1/LIG3/LIPA/LONP1/MAPT/MFSD8/MICOS13/MOAP1/MSTO1/MTCH2/MTFR1/MTX2/NDUFAF5/NDUFAF6/NDUFS7/NDUFS8/NOA1/OMA1/OPA1/OXA1L/PARP1/PGAM5/PINK1/POLG2/PPARG/PPM1K/PRELID1/PRKN/PUM2/PYCARD/RAB5IF/RALBP1/ROMO1/RTL10/SCO2/SDHAF3/SDHAF4/SHARPIN/SIRT5/SIRT7/SLC25A31/SLC25A4/SLC35F6/SOD2/SPG7/TFAM/TFRC/TIMM13/TIMM29/TIMM8B/TMEM135/TMEM14A/TMEM70/TOMM20/TOMM40/TOMM7/TRIAP1/UQCC1/UQCC2/UQCC5/UQCC6/UQCRFS1/VPS13C/VPS35",104
"GO:0000423","GO:0000423","mitophagy","33/3320","98/18860",0.336734693877551,1.91289648389476,4.18791512366296,9.09221577715171e-05,0.00437643425556916,0.00386748871681248,"ABI2/ATG13/ATG4B/ATG7/ATG9A/BNIP3/BNIP3L/CDC37/CSNK2A2/DNM1L/EIF2AK1/EIF2S1/FBXO7/FUNDC1/LRBA/MAP1LC3B/NOD2/OMA1/PINK1/PRKN/RBX1/RETREG1/RNF41/SLC25A4/SPATA33/SREBF1/SREBF2/STUB1/TIGAR/TOMM7/ULK3/USP36/VPS13C",33
"GO:0006605","GO:0006605","protein targeting","83/3320","319/18860",0.260188087774295,1.47805642633229,3.9802540238866,9.75557182485483e-05,0.004659047700417,0.00411723639845024,"AKT2/ANKRD13C/AP1M2/AP3B1/ATG13/BAG3/BAG4/BAG6/BAP1/BID/BNIP3L/C2CD5/CDC37/CDK5R1/CDKN2A/CSNK2A2/EDEM1/FBXO7/GDAP1/GET1/GNPTAB/GNPTG/GOLGA7/HACL1/HGS/ICMT/INPP5K/ITGB1BP1/LYPLA1/LYSET/MTERF4/MYO1C/NACAD/NAGPA/NCOA4/NPEPPS/PAN3/PARD3/PEX16/PINK1/PML/PRKN/RAB3IP/SAE1/SEC61B/SEC61G/SGTA/SIL1/SMURF1/SNAP25-AS1/SPCS1/SPCS3/SREBF1/SREBF2/SRP14/SRP54/SRP68/SRPRB/SYNGR1/TAOK2/TIMM13/TIMM8B/TOMM20/TOMM34/TOMM40/TOMM7/TRAM2/TTC9-DT/UBE2D3/UBE2J2/UBL5/USP36/VPS13C/VPS37C/YWHAE/YWHAG/ZDHHC11B/ZDHHC12/ZDHHC14/ZDHHC9/ZFAND2A/ZFAND6/ZFYVE16",83
"GO:0090148","GO:0090148","membrane fission","19/3320","45/18860",0.422222222222222,2.39852744310576,4.3413820205335,9.86732104926114e-05,0.00467588632357623,0.00413211681964979,"CHMP1A/CHMP2A/CHMP2B/CHMP3/CHMP5/CHMP7/DNM1/DNM1L/DNM2/EXOC6/EXOC7/EXOC8/HGS/MVB12B/SPAST/TMCC1/VPS28/VPS37C/VPS4B",19
"GO:0006457","GO:0006457","protein folding","63/3320","228/18860",0.276315789473684,1.56967343056436,4.00006008705706,0.000106465476188682,0.00500633427647243,0.00442413622510379,"AHSA2P/APLF/BAG1/BAG3/BAG4/CANX/CCDC47/CCT3/CCT5/CDC37/CHCHD4/CHORDC1/CLGN/CLPX/DNAJA3/DNAJB1/DNAJB11/DNAJB13/DNAJB6/DNAJC25/DNAJC4/DNAJC5/ELP6/ENTPD5/ERO1A/ERP29/FKBP1A/FKBP4/GAK/GRPEL1/GRPEL2/HSP90AA1/HSPA14/HSPA4L/HSPD1/HSPE1/KHSRP/MOGS/MPDU1/NGLY1/NKTR/NUDCD2/P4HB/PDCD5/PDCL3/PDIA3/PDRG1/PFDN1/POFUT2/PPIA/PTGES3/QSOX2/RANBP2/RIC8A/SDHAF4/SIL1/SNRNP70/TBCA/TBCB/TELO2/TXNDC5/UNC45A/ZMYND10",63
"GO:0032204","GO:0032204","regulation of telomere maintenance","36/3320","111/18860",0.324324324324324,1.84239661348095,4.11426169204521,0.000107657936985836,0.00502376312056804,0.0044395382290985,"ACD/ACTR8/ATM/CCT3/CCT5/DKC1/ERCC4/HNRNPA1/HNRNPU/HSP90AA1/INO80C/INO80E/MAP2K7/NABP2/NAT10/NSMCE2/NSMCE3/NSMCE4A/PARN/PARP1/PARP3/PKIB/PML/PPP1R10/PTGES3/RTEL1/SIRT6/SLX4/SMC5/SMC6/SMG6/TNKS2/UPF1/XRCC1/YLPM1/YY1",36
"GO:1901524","GO:1901524","regulation of mitophagy","20/3320","49/18860",0.408163265306122,2.31866240472092,4.27197387114908,0.000115179794881619,0.00533404610690408,0.00471373769802607,"BNIP3L/CDC37/CSNK2A2/DNM1L/EIF2AK1/FBXO7/NOD2/OMA1/PINK1/PRKN/RBX1/RNF41/SLC25A4/SREBF1/SREBF2/STUB1/TIGAR/TOMM7/USP36/VPS13C",20
"GO:0032271","GO:0032271","regulation of protein polymerization","57/3320","202/18860",0.282178217821782,1.60297626148157,3.98241229436137,0.00012038491950439,0.0055331805483484,0.00488971434029703,"ABITRAM/ARHGAP28/ARPC2/ARPC5/BAG4/CAMSAP1/CAMSAP3/CAPG/CAPZA1/CAPZA2/CARMIL2/CDC42EP3/CDC42EP4/CDK5R1/CFL1/CLASP1/CLIP3/CYRIB/DCTN1/DYRK1A/EML2/FKBP4/GBA2/GRB2/HAUS3/HAUS6/HSP90AA1/KANK1/KANK2/KANK3/KIRREL1/MAPRE3/MAPT/MECP2/MLST8/MTPN/NCKAP1/NUMA1/PFN1/PFN2/PINK1/PPP2CA/PRKCE/PYCARD/RAC1/RASA1/SKA1/SPTAN1/SPTBN1/SPTBN2/SPTBN4/SSH1/SSH2/SVIL/TMOD3/TPPP/TWF2",57
"GO:0051225","GO:0051225","spindle assembly","42/3320","137/18860",0.306569343065693,1.74153548500572,4.02631146865127,0.000127817320966659,0.00581229942082561,0.00513637384136948,"ABRAXAS1/ARHGEF10/AURKA/BCCIP/CEP192/CEP63/CHMP1A/CHMP2A/CHMP2B/CHMP3/CHMP5/CHMP7/CLASP1/DYNC1H1/FBXO5/GPSM2/HAUS3/HAUS6/HNRNPU/KASH5/KIF11/KIF2A/MAPRE2/MAPRE3/MLH1/MYBL2/NEK6/NUMA1/RCC1/RHOA/RNF4/SKA1/SKA3/SPICE1/STAG1/STAG2/TUBB/TUBB8/TUBGCP3/TUBGCP4/UHRF1/VPS4B",42
"GO:0000289","GO:0000289","nuclear-transcribed mRNA poly(A) tail shortening","15/3320","32/18860",0.46875,2.66283885542169,4.35136909897713,0.000128359303420818,0.00581229942082561,0.00513637384136948,"CNOT1/CNOT4/CNOT6L/CNOT8/CNOT9/EIF4ENIF1/MLH1/PABPC1/PAN2/PAN3/PARN/POLR2G/TENT4A/TNRC6B/TNRC6C",15
"GO:0045143","GO:0045143","homologous chromosome segregation","25/3320","68/18860",0.367647058823529,2.08850106307583,4.15623099593198,0.000130624562685511,0.00587138199776861,0.00518858557044926,"ANKRD31/ATM/BAG6/CCNE2/EHMT2/HORMAD1/KASH5/KNL1/MAEL/MAJIN/MCMDC2/MLH1/MLH3/MSH4/MSH5/PRDM9/RNF212/SIRT7/SPATA22/SPO11/STAG3/SYCE1/TEX15/ZCWPW1/ZWINT",25
"GO:1901875","GO:1901875","positive regulation of post-translational protein modification","41/3320","133/18860",0.308270676691729,1.75120028988133,4.01837373916033,0.000133594033583836,0.00596102428684663,0.00526780315291775,"ARRDC3/BIRC8/CDC14B/CDKN2A/CHFR/CRY1/DCUN1D2/DCUN1D4/DDX3X/DNAJA3/EGR1/FZR1/HDAC4/NOD2/NPM1/NSMCE3/PAXIP1/PHF23/PIAS1/PIAS4/PINK1/PRKN/PTTG1IP/RASSF1/RASSF5/RBX1/RIPK2/RNF111/SAE1/SENP2/SPRTN/SPSB4/STUB1/TBC1D7/TOLLIP/UBA2/UBB/UBE2S/UBE2V1/UBE3A/UBQLN1",41
"GO:0018205","GO:0018205","peptidyl-lysine modification","40/3320","129/18860",0.310077519379845,1.76146446250117,4.0111312942128,0.000139371317006572,0.00617374536855924,0.00545578641401776,"ANTKMT/ATPSCKMT/BAG6/CDKN2A/DIP2A/EEF1AKMT1/EGR1/EHMT1/EHMT2/ESCO1/HDAC4/HDAC7/HINT1/KAT7/LIPT2/NNAT/NSMCE2/NSMCE3/NSMCE4A/PIAS1/PIAS4/PLOD3/PML/RANBP2/RELA/RNF212/SAE1/SENP1/SENP2/SENP3/SENP7/SETD6/SIRT5/SMC5/SMC6/TOLLIP/TRIM28/UBA2/UBE2I/UHRF2",40
"GO:0016241","GO:0016241","regulation of macroautophagy","56/3320","199/18860",0.281407035175879,1.59859538657141,3.923695640933,0.000148668167254049,0.00653819069369784,0.00577784955961968,"ADRB2/AKT1/ATM/ATP13A2/ATP6V0D1/ATP6V0E2/ATP6V1B2/ATP6V1D/ATP6V1E2/ATP6V1G1/BAG3/BNIP3/BNIP3L/CAPNS1/CDC37/CDK5R1/CSNK2A2/DNM1L/EHMT2/EIF2AK1/EXOC7/EXOC8/FBXO7/FEZ1/LYPLA1/MOAP1/NOD2/NRBP2/OMA1/PHF23/PINK1/PRKN/RAB3GAP2/RBX1/RIPK2/RNF41/RUBCN/SLC25A4/SNX32/SNX4/SNX6/SREBF1/SREBF2/STUB1/SUPT5H/TBC1D25/TBK1/TIGAR/TOMM7/TRIM32/UBQLN1/USP36/VPS13C/VPS26B/VPS35/WAC",56
"GO:0045931","GO:0045931","positive regulation of mitotic cell cycle","42/3320","138/18860",0.304347826086957,1.7289156626506,3.97231399075085,0.000152880696090947,0.006675426394314,0.0058991258070582,"AKT1/ANAPC11/ANAPC7/AURKA/BRD4/CCNB1/CCND1/CCND3/CCNE2/CDC25B/CDC25C/CDC6/CDC7/CDK1/CDK10/CPSF3/DDX3X/DTL/DUSP3/EIF4EBP1/FBXO5/FOXA1/HSF1/MAD1L1/MEIS2/MEPCE/NEUROG1/NSMCE2/PAFAH1B1/PLRG1/PPP1R10/PRKCA/RCC2/SKA1/SKA3/SMARCD3/STAT5B/TFDP1/TMOD3/UBE2E2/VPS4B/WNT10B",42
"GO:0022618","GO:0022618","protein-RNA complex assembly","63/3320","231/18860",0.272727272727273,1.54928806133625,3.88252484277206,0.000159499992391809,0.00690685984607682,0.00610364533394169,"ADAR/AGO1/ATM/BOP1/CELF4/DDX39B/DDX42/DHX9/DICER1/DKC1/EIF2D/EIF2S2/EIF2S3/EIF3A/EIF3B/EIF3K/EIF4H/FASTKD2/GEMIN2/GEMIN4/HSP90AA1/HTATSF1/LSM2/LSM4/LUC7L/MTG1/PRKDC/PRPF6/PTBP2/PTGES3/PWP2/RBMX2/RNU6ATAC/RPL10L/RPL13A/RPL5/RPS15/RPSA2/RRP7A/RRP7BP/RSRP1/SART1/SCAF11/SF1/SF3A2/SF3B1/SNRPD2/SRPK1/SRPK2/SRSF1/SRSF10/SRSF12/SRSF5/SRSF6/SRSF9/STRAP/TAF12-DT/TSSC4/TXNL4A/U2AF2/USP39/YTHDC1/ZRSR2",63
"GO:0071763","GO:0071763","nuclear membrane organization","20/3320","50/18860",0.4,2.27228915662651,4.16369870194575,0.000160440716202014,0.00690685984607682,0.00610364533394169,"BROX/CDK1/CHMP1A/CHMP2A/CHMP2B/CHMP3/CHMP5/CHMP7/CTDNEP1/DCTN1/EMD/NEK6/PAFAH1B1/PRKCA/RCC1/SPAST/TMEM43/TOR1B/UBE2I/VPS4B",20
"GO:0099173","GO:0099173","postsynapse organization","66/3320","245/18860",0.269387755102041,1.53031718711581,3.86180276564469,0.000166774413686558,0.00712931462144004,0.00630023033521835,"ABI2/ACTB/ACTG1/ADAM10/AKT1/ARF1/ARF4/ARHGAP12/ARHGAP39/ASIC1/CAMK2B/CAPRIN1/CARMIL3/CBLN1/CC2D1A/CDC42/CDK5R1/CFL1/CHMP2B/CHRDL1/CNKSR2/CNTNAP1/CRIPT/CRK/CRKL/CRMP1/CUX2/DIP2A/DISC1/DLG4/DNAJA3/EPHB2/EPHB3/ETV5/FARP1/FRRS1L/GDNF/IGF1R/KIF1A/LRFN2/LRFN4/LRP8/MAPRE3/NAE1/NCKIPSD/NF1/NRCAM/NRXN2/PAFAH1B1/POTEE/POTEF/PUM2/RAC1/SENP1/SIPA1L1/SPTBN2/SRCIN1/SSH1/STAU2/TANC1/TANC2/TMEM108/UBE2M/VPS35/WNT7A/ZDHHC12",66
"GO:0045943","GO:0045943","positive regulation of transcription by RNA polymerase I","16/3320","36/18860",0.444444444444444,2.52476572958501,4.23254203978717,0.000168162213494582,0.00713871952147487,0.00630854151794003,"DDX11/DEK/DHX33/ERCC6/HEATR1/LYAR/MYBBP1A/MYO1C/NCL/PWP1/SF3B1/SIRT7/SMARCA4/SMARCA5/SMARCB1/WDR43",16
"GO:0044818","GO:0044818","mitotic G2/M transition checkpoint","21/3320","54/18860",0.388888888888889,2.20917001338688,4.11281237234934,0.000177945894721936,0.00750195347886342,0.00662953416851525,"ABRAXAS1/ATM/BABAM2/BRSK1/CDC14B/CDC6/CDK1/CHFR/DTL/FOXO4/FZR1/INTS3/MRNIP/NABP2/NAE1/PABIR1/RBBP8/TAOK1/TAOK2/TRIM39/UIMC1",21
"GO:0051236","GO:0051236","establishment of RNA localization","49/3320","170/18860",0.288235294117647,1.63738483345145,3.85855237932557,0.000200720251128569,0.00840412941882839,0.00742679400715082,"ALKBH5/ALYREF/ATM/ATXN2/DDX25/DDX39A/DDX39B/DHX9/FMR1/FXR2/FYTTD1/G3BP2/GLE1/HNRNPA1/HSF1/IWS1/KHDRBS1/KHSRP/NSUN2/NUP107/NUP155/NUP210/NUP214/NUP50/NUP62/NXF1/PCID2/QKI/RAE1/RAN/RANBP2/RBFOX1/RBM33/SEH1L/SENP2/SLBP/SMG6/SMG7/SRSF1/THOC3/THOC6/TOMM20/UPF1/UPF2/XPO5/YBX1/YTHDC1/ZC3H3/ZFP36L1",49
"GO:0048813","GO:0048813","dendrite morphogenesis","43/3320","144/18860",0.298611111111111,1.69632697456493,3.87695546295997,0.000205617988731397,0.00855063105520429,0.00755625863350899,"ABI1/ABI2/ABITRAM/ADGRB3/ANAPC2/ANKRD27/BTBD3/CAMK2B/CAPRIN1/CC2D1A/CDC42/CDK5R1/CFL1/CTNNA2/CUX2/DIP2A/DLG4/EPHB2/EPHB3/FARP1/KIF1A/KLF7/LRP8/MAPK8IP2/MAPRE3/MEF2A/MINK1/PAFAH1B1/PARP6/PICALM/PREX2/RAC1/RERE/SIPA1L1/SRCIN1/STAU2/SULT4A1/TANC2/TAOK2/TBC1D24/TMEM106B/WNT7A/YWHAH",43
"GO:0006399","GO:0006399","tRNA metabolic process","57/3320","206/18860",0.276699029126214,1.57185050883144,3.81445943490538,0.000212251575941549,0.00876685056574789,0.0077473334831581,"AARSD1/AKT1/ANKZF1/BRF1/CARS2/CTAG1A/CTAG1B/CTAG2/CTU1/DICER1/ELAC1/ELP1/ELP5/ELP6/EXOSC2/EXOSC8/FAM98A/FTSJ1/GATC/GTF3C1/GTF3C2/HSD17B10/IARS2/LAGE3/MARS2/MTFMT/NAT10/NEMF/NSUN2/POLR2E/POLR2F/POP1/POP4/POP7/PRORP/PTCD1/PUS3/PUSL1/RNH1/RPP38/RPP40/RPPH1/RTCB/SARS1/SARS2/TARBP1/TARS1/TRIT1/TRMT11/TRMT2A/TRMT9B/TSEN15/TSEN2/TSEN34/TSEN54/VARS2/YRDC",57
"GO:0031109","GO:0031109","microtubule polymerization or depolymerization","45/3320","153/18860",0.294117647058824,1.67080085046067,3.85070378375502,0.000217386803270747,0.00891869482143677,0.00788151942342264,"APC/APC2/BBOF1/BLOC1S2/CAMSAP1/CAMSAP3/CCDC88C/CDK1/CDK5R1/CEP192/CKAP2/CLASP1/CLIP3/DCTN1/DYRK1A/EML2/FBXO5/FKBP4/GBA2/HAUS3/HAUS6/HDGFL3/KIF2A/MAPRE2/MAPRE3/MAPT/MECP2/NDEL1/NUMA1/PCNT/PPP2CA/RAC1/SKA1/SKA3/SPAST/SPECC1L/SSNA1/TAOK1/TPGS2/TPPP/TTBK2/TUBG1/TUBG2/TUBGCP3/TUBGCP4",45
"GO:0051148","GO:0051148","negative regulation of muscle cell differentiation","26/3320","74/18860",0.351351351351351,1.99592966460436,3.96762149226008,0.00022677792335418,0.00924195630309402,0.00816718808879756,"BMP2/BMPR1A/BMPR2/DLL1/DNMT1/EZH2/FOXO4/FOXP1/FRS2/HDAC4/HDAC5/HEY2/ID2/IGF2/MECP2/MED28/MIR199A1/NFATC1/NFATC3/PDCD4/PPARA/PTBP1/RGS2/SMAD4/YBX1/YY1",26
"GO:1903322","GO:1903322","positive regulation of protein modification by small protein conjugation or removal","40/3320","132/18860",0.303030303030303,1.7214311792625,3.844492678207,0.00023974529117728,0.00970571499977956,0.00857701522706031,"ARRDC3/BIRC8/CDC14B/CDKN2A/CHFR/CRY1/DCUN1D2/DCUN1D4/DDX3X/DNAJA3/FZR1/HDAC4/NOD2/NPM1/NSMCE3/PAXIP1/PHF23/PIAS1/PIAS4/PINK1/PRKN/PTTG1IP/RASSF1/RASSF5/RBX1/RIPK2/RNF111/SAE1/SENP2/SPRTN/SPSB4/STUB1/TBC1D7/TOLLIP/UBA2/UBB/UBE2S/UBE2V1/UBE3A/UBQLN1",40
"GO:0006270","GO:0006270","DNA replication initiation","16/3320","37/18860",0.432432432432432,2.4565288179746,4.09900442848198,0.000248160846498651,0.00982512426772045,0.00868253811840881,"CCNE2/CDC34/CDC45/CDC6/CDT1/GMNN/KAT7/LRWD1/MCM2/MCM4/MCM6/ORC6/POLA1/POLA2/PRIM1/WRNIP1",16
"GO:0050657","GO:0050657","nucleic acid transport","48/3320","167/18860",0.287425149700599,1.63278262751605,3.79643654172807,0.000249123877228312,0.00982512426772045,0.00868253811840881,"ALKBH5/ALYREF/ATXN2/DDX25/DDX39A/DDX39B/DHX9/FMR1/FXR2/FYTTD1/G3BP2/GLE1/HNRNPA1/HSF1/IWS1/KHDRBS1/KHSRP/NSUN2/NUP107/NUP155/NUP210/NUP214/NUP50/NUP62/NXF1/PCID2/QKI/RAE1/RAN/RANBP2/RBFOX1/RBM33/SEH1L/SENP2/SLBP/SMG6/SMG7/SRSF1/THOC3/THOC6/TOMM20/UPF1/UPF2/XPO5/YBX1/YTHDC1/ZC3H3/ZFP36L1",48
"GO:0050658","GO:0050658","RNA transport","48/3320","167/18860",0.287425149700599,1.63278262751605,3.79643654172807,0.000249123877228312,0.00982512426772045,0.00868253811840881,"ALKBH5/ALYREF/ATXN2/DDX25/DDX39A/DDX39B/DHX9/FMR1/FXR2/FYTTD1/G3BP2/GLE1/HNRNPA1/HSF1/IWS1/KHDRBS1/KHSRP/NSUN2/NUP107/NUP155/NUP210/NUP214/NUP50/NUP62/NXF1/PCID2/QKI/RAE1/RAN/RANBP2/RBFOX1/RBM33/SEH1L/SENP2/SLBP/SMG6/SMG7/SRSF1/THOC3/THOC6/TOMM20/UPF1/UPF2/XPO5/YBX1/YTHDC1/ZC3H3/ZFP36L1",48
"GO:0051494","GO:0051494","negative regulation of cytoskeleton organization","48/3320","167/18860",0.287425149700599,1.63278262751605,3.79643654172807,0.000249123877228312,0.00982512426772045,0.00868253811840881,"APC/APC2/ARAP1/ARHGAP28/ARHGEF18/BBOF1/CAPG/CAPZA1/CAPZA2/CARMIL2/CCDC88C/CCNF/CFL1/CKAP2/CLASP1/CLIP3/CTNNA2/CYRIB/DYRK1A/EML2/FKBP4/HDGFL3/INPP5K/KANK1/KANK2/KANK3/MDM1/MTPN/NPM1/NUBP1/PFN1/PRKN/RBM14/RHPN1/SMAD4/SPECC1L/SPTAN1/SPTBN1/SPTBN2/SPTBN4/SSH1/SSH2/SVIL/TAOK1/TMOD3/TRIM37/TTBK2/TWF2",48
"GO:0006998","GO:0006998","nuclear envelope organization","23/3320","63/18860",0.365079365079365,2.07391470644483,3.94637779333687,0.000269744878093585,0.0105701951268339,0.00934096298499512,"BROX/CDK1/CHMP1A/CHMP2A/CHMP2B/CHMP3/CHMP5/CHMP7/CTDNEP1/DCTN1/EMD/ICMT/NEK6/NUP155/PAFAH1B1/PRKCA/RCC1/SPAST/TMEM170A/TMEM43/TOR1B/UBE2I/VPS4B",23
"GO:0048193","GO:0048193","Golgi vesicle transport","81/3320","319/18860",0.253918495297806,1.44244060883031,3.68371998916213,0.000275056807951396,0.0107096959681967,0.00946424095478755,"AKT1/ARF4/ARFGAP3/ATP2C1/ATP9A/ATP9B/CCDC93/CEP19/COG1/COG2/COG6/COPB1/COPB2/COPG1/CORO7/CSK/DNM2/EXOC6/EXOC8/GAK/GOLGA4/GOLGA7/KDELR2/KIF1C/LLGL1/LYPLA1/LYPLAL1/NAPG/NKD2/NSF/P4HB/PGAP1/PHAF1/PITPNB/PPP6C/PREB/RAB10/RAB14/RAB1B/RAB33B/RAB3IP/RAB6B/RAB8A/RABEP1/RABGGTA/RABGGTB/RABIF/RBSN/RNF139/SCAMP2/SEC16A/SEC22C/SEC24C/SEC24D/SNAP23/SNX12/SORCS1/SPAST/SPIRE2/SPTBN1/STX17/STXBP5/TBC1D20/TEX261/TMED3/TMED4/TMEM115/TRAPPC1/TRAPPC11/TRAPPC3/TRAPPC5/TRAPPC9/VAMP3/VAPA/VAPB/VPS13C/VTI1B/WDR44/YIF1A/YIPF7/YWHAE",81
"GO:0071826","GO:0071826","protein-RNA complex organization","64/3320","240/18860",0.266666666666667,1.514859437751,3.71028546917324,0.000281640457494882,0.0108966336497862,0.00962943922627405,"ADAR/AGO1/ATM/BOP1/CELF4/DDX39B/DDX42/DHX9/DICER1/DKC1/EIF2D/EIF2S2/EIF2S3/EIF3A/EIF3B/EIF3K/EIF4H/FASTKD2/GEMIN2/GEMIN4/HSP90AA1/HTATSF1/KIF5B/LSM2/LSM4/LUC7L/MTG1/PRKDC/PRPF6/PTBP2/PTGES3/PWP2/RBMX2/RNU6ATAC/RPL10L/RPL13A/RPL5/RPS15/RPSA2/RRP7A/RRP7BP/RSRP1/SART1/SCAF11/SF1/SF3A2/SF3B1/SNRPD2/SRPK1/SRPK2/SRSF1/SRSF10/SRSF12/SRSF5/SRSF6/SRSF9/STRAP/TAF12-DT/TSSC4/TXNL4A/U2AF2/USP39/YTHDC1/ZRSR2",64
"GO:0061952","GO:0061952","midbody abscission","12/3320","24/18860",0.5,2.84036144578313,4.16981964801116,0.000286796969552101,0.0109969768062203,0.00971811324778469,"CEP55/CHMP1A/CHMP2A/CHMP2B/CHMP3/CHMP5/CHMP7/MITD1/PDCD6IP/SPART/VPS4B/ZFYVE19",12
"GO:1902893","GO:1902893","regulation of miRNA transcription","26/3320","75/18860",0.346666666666667,1.96931726907631,3.88770986805844,0.000289630830329047,0.0109969768062203,0.00971811324778469,"BMP2/BMPR1A/EGR1/FOXA1/FOXO3/GATA2/MRTFB/MYB/NCOR2/NFATC3/NFIB/NOTCH3/NR1H2/PAX6/POU2F1/PPARA/PPARG/RELA/SMAD4/SMAD6/SMARCA4/SREBF1/SREBF2/TEAD1/TWIST1/YY1",26
"GO:2000036","GO:2000036","regulation of stem cell population maintenance","26/3320","75/18860",0.346666666666667,1.96931726907631,3.88770986805844,0.000289630830329047,0.0109969768062203,0.00971811324778469,"ACTB/ARID4A/BCL7A/BCL7B/BICRA/BMP7/CNOT1/DPF2/HMGA2/ING1/ING2/KDM3A/LBH/RBBP7/SAP130/SAP30/SINHCAF/SIRT6/SMARCA4/SMARCB1/SMARCC1/SS18/SUDS3/TEAD4/WDR43/ZNF322",26
